name,tag,source,host,pulled,family,parameter_size,quantization,context_length,disk_size_gb,thinking,tools,vision,pull_count,first_published_approx,date_source_text,date_flag,recent_6mo,modified_at,digest,url
gemma4:12b,12b,catalog,,False,gemma4,11.9B,Q4_K_M,262144,7.6,True,True,True,25.9M,2026-04-01/2026-05-01,"oldest tag library/gemma4:latest: '5 months ago' (tags page fetched 2026-09-28 21:29 UTC); model Updated tooltip 'Sep 22, 2026 8:28 PM UTC'",listed after library/nemotron-cascade-2 (older than cutoff) in newest sort; oldest tag may be a re-push,True,,4eb23ef187e2,https://www.ollama.com/library/gemma4:12b
gemma4:12b-it-bf16,12b-it-bf16,catalog,,False,gemma4,11.9B,BF16,262144,24.0,True,True,True,25.9M,2026-04-01/2026-05-01,"oldest tag library/gemma4:latest: '5 months ago' (tags page fetched 2026-09-28 21:29 UTC); model Updated tooltip 'Sep 22, 2026 8:28 PM UTC'",listed after library/nemotron-cascade-2 (older than cutoff) in newest sort; oldest tag may be a re-push,True,,54f4a2f82e7c,https://www.ollama.com/library/gemma4:12b-it-bf16
gemma4:12b-it-q4_K_M,12b-it-q4_K_M,catalog,,False,gemma4,11.9B,Q4_K_M,262144,7.6,True,True,True,25.9M,2026-04-01/2026-05-01,"oldest tag library/gemma4:latest: '5 months ago' (tags page fetched 2026-09-28 21:29 UTC); model Updated tooltip 'Sep 22, 2026 8:28 PM UTC'",listed after library/nemotron-cascade-2 (older than cutoff) in newest sort; oldest tag may be a re-push,True,,4eb23ef187e2,https://www.ollama.com/library/gemma4:12b-it-q4_K_M
gemma4:12b-it-q8_0,12b-it-q8_0,catalog,,False,gemma4,11.9B,Q8_0,262144,13.0,True,True,True,25.9M,2026-04-01/2026-05-01,"oldest tag library/gemma4:latest: '5 months ago' (tags page fetched 2026-09-28 21:29 UTC); model Updated tooltip 'Sep 22, 2026 8:28 PM UTC'",listed after library/nemotron-cascade-2 (older than cutoff) in newest sort; oldest tag may be a re-push,True,,41c402fdddc2,https://www.ollama.com/library/gemma4:12b-it-q8_0
gemma4:12b-it-qat,12b-it-qat,catalog,,False,gemma4,11.9B,Q4_0,262144,7.2,True,True,True,25.9M,2026-04-01/2026-05-01,"oldest tag library/gemma4:latest: '5 months ago' (tags page fetched 2026-09-28 21:29 UTC); model Updated tooltip 'Sep 22, 2026 8:28 PM UTC'",listed after library/nemotron-cascade-2 (older than cutoff) in newest sort; oldest tag may be a re-push,True,,38044be4f923,https://www.ollama.com/library/gemma4:12b-it-qat
gemma4:12b-mlx,12b-mlx,catalog,,False,,,,262144,7.7,True,True,True,25.9M,2026-04-01/2026-05-01,"oldest tag library/gemma4:latest: '5 months ago' (tags page fetched 2026-09-28 21:29 UTC); model Updated tooltip 'Sep 22, 2026 8:28 PM UTC'",listed after library/nemotron-cascade-2 (older than cutoff) in newest sort; oldest tag may be a re-push,True,,ded7a2735003,https://www.ollama.com/library/gemma4:12b-mlx
gemma4:12b-mlx-bf16,12b-mlx-bf16,catalog,,False,,,,262144,25.0,True,True,True,25.9M,2026-04-01/2026-05-01,"oldest tag library/gemma4:latest: '5 months ago' (tags page fetched 2026-09-28 21:29 UTC); model Updated tooltip 'Sep 22, 2026 8:28 PM UTC'",listed after library/nemotron-cascade-2 (older than cutoff) in newest sort; oldest tag may be a re-push,True,,ae28af21156f,https://www.ollama.com/library/gemma4:12b-mlx-bf16
gemma4:12b-mxfp8,12b-mxfp8,catalog,,False,,,,262144,13.0,True,True,True,25.9M,2026-04-01/2026-05-01,"oldest tag library/gemma4:latest: '5 months ago' (tags page fetched 2026-09-28 21:29 UTC); model Updated tooltip 'Sep 22, 2026 8:28 PM UTC'",listed after library/nemotron-cascade-2 (older than cutoff) in newest sort; oldest tag may be a re-push,True,,de780b6b3434,https://www.ollama.com/library/gemma4:12b-mxfp8
gemma4:12b-nvfp4,12b-nvfp4,catalog,,False,,,,262144,7.7,True,True,True,25.9M,2026-04-01/2026-05-01,"oldest tag library/gemma4:latest: '5 months ago' (tags page fetched 2026-09-28 21:29 UTC); model Updated tooltip 'Sep 22, 2026 8:28 PM UTC'",listed after library/nemotron-cascade-2 (older than cutoff) in newest sort; oldest tag may be a re-push,True,,ded7a2735003,https://www.ollama.com/library/gemma4:12b-nvfp4
gemma4:26b-a4b-it-bf16,26b-a4b-it-bf16,catalog,,False,gemma4,25.8B,F16,262144,52.0,True,True,True,25.9M,2026-04-01/2026-05-01,"oldest tag library/gemma4:latest: '5 months ago' (tags page fetched 2026-09-28 21:29 UTC); model Updated tooltip 'Sep 22, 2026 8:28 PM UTC'",listed after library/nemotron-cascade-2 (older than cutoff) in newest sort; oldest tag may be a re-push,True,,05d829735ad8,https://www.ollama.com/library/gemma4:26b-a4b-it-bf16
gemma4:26b-a4b-it-mtp-q4_K_M,26b-a4b-it-mtp-q4_K_M,catalog,,False,gemma4,25.2B,Q4_K_M,262144,19.0,True,True,True,25.9M,2026-04-01/2026-05-01,"oldest tag library/gemma4:latest: '5 months ago' (tags page fetched 2026-09-28 21:29 UTC); model Updated tooltip 'Sep 22, 2026 8:28 PM UTC'",listed after library/nemotron-cascade-2 (older than cutoff) in newest sort; oldest tag may be a re-push,True,,08ae7ec1744b,https://www.ollama.com/library/gemma4:26b-a4b-it-mtp-q4_K_M
gemma4:26b-a4b-it-q4_K_M,26b-a4b-it-q4_K_M,catalog,,False,gemma4,25.8B,Q4_K_M,262144,18.0,True,True,True,25.9M,2026-04-01/2026-05-01,"oldest tag library/gemma4:latest: '5 months ago' (tags page fetched 2026-09-28 21:29 UTC); model Updated tooltip 'Sep 22, 2026 8:28 PM UTC'",listed after library/nemotron-cascade-2 (older than cutoff) in newest sort; oldest tag may be a re-push,True,,5571076f3d70,https://www.ollama.com/library/gemma4:26b-a4b-it-q4_K_M
gemma4:26b-a4b-it-q8_0,26b-a4b-it-q8_0,catalog,,False,gemma4,25.8B,Q8_0,262144,28.0,True,True,True,25.9M,2026-04-01/2026-05-01,"oldest tag library/gemma4:latest: '5 months ago' (tags page fetched 2026-09-28 21:29 UTC); model Updated tooltip 'Sep 22, 2026 8:28 PM UTC'",listed after library/nemotron-cascade-2 (older than cutoff) in newest sort; oldest tag may be a re-push,True,,6bfaf9a8cb37,https://www.ollama.com/library/gemma4:26b-a4b-it-q8_0
gemma4:26b-a4b-it-qat,26b-a4b-it-qat,catalog,,False,gemma4,25.2B,Q4_0,262144,16.0,True,True,True,25.9M,2026-04-01/2026-05-01,"oldest tag library/gemma4:latest: '5 months ago' (tags page fetched 2026-09-28 21:29 UTC); model Updated tooltip 'Sep 22, 2026 8:28 PM UTC'",listed after library/nemotron-cascade-2 (older than cutoff) in newest sort; oldest tag may be a re-push,True,,2dd70431afed,https://www.ollama.com/library/gemma4:26b-a4b-it-qat
gemma4:26b-mlx,26b-mlx,catalog,,False,,,,262144,18.0,True,True,True,25.9M,2026-04-01/2026-05-01,"oldest tag library/gemma4:latest: '5 months ago' (tags page fetched 2026-09-28 21:29 UTC); model Updated tooltip 'Sep 22, 2026 8:28 PM UTC'",listed after library/nemotron-cascade-2 (older than cutoff) in newest sort; oldest tag may be a re-push,True,,f0fc7e0ae494,https://www.ollama.com/library/gemma4:26b-mlx
gemma4:26b-mlx-bf16,26b-mlx-bf16,catalog,,False,,,,262144,53.0,True,True,True,25.9M,2026-04-01/2026-05-01,"oldest tag library/gemma4:latest: '5 months ago' (tags page fetched 2026-09-28 21:29 UTC); model Updated tooltip 'Sep 22, 2026 8:28 PM UTC'",listed after library/nemotron-cascade-2 (older than cutoff) in newest sort; oldest tag may be a re-push,True,,2c53b9e61626,https://www.ollama.com/library/gemma4:26b-mlx-bf16
gemma4:26b-mxfp8,26b-mxfp8,catalog,,False,,,,262144,29.0,True,True,True,25.9M,2026-04-01/2026-05-01,"oldest tag library/gemma4:latest: '5 months ago' (tags page fetched 2026-09-28 21:29 UTC); model Updated tooltip 'Sep 22, 2026 8:28 PM UTC'",listed after library/nemotron-cascade-2 (older than cutoff) in newest sort; oldest tag may be a re-push,True,,aee6e7cf8945,https://www.ollama.com/library/gemma4:26b-mxfp8
gemma4:26b-nvfp4,26b-nvfp4,catalog,,False,,,,262144,16.0,True,True,True,25.9M,2026-04-01/2026-05-01,"oldest tag library/gemma4:latest: '5 months ago' (tags page fetched 2026-09-28 21:29 UTC); model Updated tooltip 'Sep 22, 2026 8:28 PM UTC'",listed after library/nemotron-cascade-2 (older than cutoff) in newest sort; oldest tag may be a re-push,True,,f60799545325,https://www.ollama.com/library/gemma4:26b-nvfp4
gemma4:31b,31b,catalog,,False,gemma4,31.3B,Q4_K_M,262144,20.0,True,True,True,25.9M,2026-04-01/2026-05-01,"oldest tag library/gemma4:latest: '5 months ago' (tags page fetched 2026-09-28 21:29 UTC); model Updated tooltip 'Sep 22, 2026 8:28 PM UTC'",listed after library/nemotron-cascade-2 (older than cutoff) in newest sort; oldest tag may be a re-push,True,,6316f0629137,https://www.ollama.com/library/gemma4:31b
gemma4:31b-coding-mtp-bf16,31b-coding-mtp-bf16,catalog,,False,,,,262144,64.0,True,True,True,25.9M,2026-04-01/2026-05-01,"oldest tag library/gemma4:latest: '5 months ago' (tags page fetched 2026-09-28 21:29 UTC); model Updated tooltip 'Sep 22, 2026 8:28 PM UTC'",listed after library/nemotron-cascade-2 (older than cutoff) in newest sort; oldest tag may be a re-push,True,,feb38c11d5b8,https://www.ollama.com/library/gemma4:31b-coding-mtp-bf16
gemma4:31b-it-bf16,31b-it-bf16,catalog,,False,gemma4,31.3B,F16,262144,63.0,True,True,True,25.9M,2026-04-01/2026-05-01,"oldest tag library/gemma4:latest: '5 months ago' (tags page fetched 2026-09-28 21:29 UTC); model Updated tooltip 'Sep 22, 2026 8:28 PM UTC'",listed after library/nemotron-cascade-2 (older than cutoff) in newest sort; oldest tag may be a re-push,True,,236d76ae0874,https://www.ollama.com/library/gemma4:31b-it-bf16
gemma4:31b-it-q4_K_M,31b-it-q4_K_M,catalog,,False,gemma4,31.3B,Q4_K_M,262144,20.0,True,True,True,25.9M,2026-04-01/2026-05-01,"oldest tag library/gemma4:latest: '5 months ago' (tags page fetched 2026-09-28 21:29 UTC); model Updated tooltip 'Sep 22, 2026 8:28 PM UTC'",listed after library/nemotron-cascade-2 (older than cutoff) in newest sort; oldest tag may be a re-push,True,,6316f0629137,https://www.ollama.com/library/gemma4:31b-it-q4_K_M
gemma4:31b-it-q8_0,31b-it-q8_0,catalog,,False,gemma4,31.3B,Q8_0,262144,34.0,True,True,True,25.9M,2026-04-01/2026-05-01,"oldest tag library/gemma4:latest: '5 months ago' (tags page fetched 2026-09-28 21:29 UTC); model Updated tooltip 'Sep 22, 2026 8:28 PM UTC'",listed after library/nemotron-cascade-2 (older than cutoff) in newest sort; oldest tag may be a re-push,True,,53dd8459790f,https://www.ollama.com/library/gemma4:31b-it-q8_0
gemma4:31b-it-qat,31b-it-qat,catalog,,False,gemma4,30.7B,Q4_0,262144,19.0,True,True,True,25.9M,2026-04-01/2026-05-01,"oldest tag library/gemma4:latest: '5 months ago' (tags page fetched 2026-09-28 21:29 UTC); model Updated tooltip 'Sep 22, 2026 8:28 PM UTC'",listed after library/nemotron-cascade-2 (older than cutoff) in newest sort; oldest tag may be a re-push,True,,e0812a55773b,https://www.ollama.com/library/gemma4:31b-it-qat
gemma4:31b-mlx,31b-mlx,catalog,,False,,,,262144,19.0,True,True,True,25.9M,2026-04-01/2026-05-01,"oldest tag library/gemma4:latest: '5 months ago' (tags page fetched 2026-09-28 21:29 UTC); model Updated tooltip 'Sep 22, 2026 8:28 PM UTC'",listed after library/nemotron-cascade-2 (older than cutoff) in newest sort; oldest tag may be a re-push,True,,a22a363052da,https://www.ollama.com/library/gemma4:31b-mlx
gemma4:31b-mlx-bf16,31b-mlx-bf16,catalog,,False,,,,262144,64.0,True,True,True,25.9M,2026-04-01/2026-05-01,"oldest tag library/gemma4:latest: '5 months ago' (tags page fetched 2026-09-28 21:29 UTC); model Updated tooltip 'Sep 22, 2026 8:28 PM UTC'",listed after library/nemotron-cascade-2 (older than cutoff) in newest sort; oldest tag may be a re-push,True,,cdca124786da,https://www.ollama.com/library/gemma4:31b-mlx-bf16
gemma4:31b-mxfp8,31b-mxfp8,catalog,,False,,,,262144,34.0,True,True,True,25.9M,2026-04-01/2026-05-01,"oldest tag library/gemma4:latest: '5 months ago' (tags page fetched 2026-09-28 21:29 UTC); model Updated tooltip 'Sep 22, 2026 8:28 PM UTC'",listed after library/nemotron-cascade-2 (older than cutoff) in newest sort; oldest tag may be a re-push,True,,9740f018f0d6,https://www.ollama.com/library/gemma4:31b-mxfp8
gemma4:31b-nvfp4,31b-nvfp4,catalog,,False,,,,262144,19.0,True,True,True,25.9M,2026-04-01/2026-05-01,"oldest tag library/gemma4:latest: '5 months ago' (tags page fetched 2026-09-28 21:29 UTC); model Updated tooltip 'Sep 22, 2026 8:28 PM UTC'",listed after library/nemotron-cascade-2 (older than cutoff) in newest sort; oldest tag may be a re-push,True,,a22a363052da,https://www.ollama.com/library/gemma4:31b-nvfp4
gemma4:e2b,e2b,catalog,,False,gemma4,5.12B,Q4_K_M,131072,7.2,True,True,True,25.9M,2026-04-01/2026-05-01,"oldest tag library/gemma4:latest: '5 months ago' (tags page fetched 2026-09-28 21:29 UTC); model Updated tooltip 'Sep 22, 2026 8:28 PM UTC'",listed after library/nemotron-cascade-2 (older than cutoff) in newest sort; oldest tag may be a re-push,True,,7fbdbf8f5e45,https://www.ollama.com/library/gemma4:e2b
gemma4:e2b-it-bf16,e2b-it-bf16,catalog,,False,gemma4,5.12B,F16,131072,10.0,True,True,True,25.9M,2026-04-01/2026-05-01,"oldest tag library/gemma4:latest: '5 months ago' (tags page fetched 2026-09-28 21:29 UTC); model Updated tooltip 'Sep 22, 2026 8:28 PM UTC'",listed after library/nemotron-cascade-2 (older than cutoff) in newest sort; oldest tag may be a re-push,True,,850bc7fea32f,https://www.ollama.com/library/gemma4:e2b-it-bf16
gemma4:e2b-it-q4_K_M,e2b-it-q4_K_M,catalog,,False,gemma4,5.12B,Q4_K_M,131072,7.2,True,True,True,25.9M,2026-04-01/2026-05-01,"oldest tag library/gemma4:latest: '5 months ago' (tags page fetched 2026-09-28 21:29 UTC); model Updated tooltip 'Sep 22, 2026 8:28 PM UTC'",listed after library/nemotron-cascade-2 (older than cutoff) in newest sort; oldest tag may be a re-push,True,,7fbdbf8f5e45,https://www.ollama.com/library/gemma4:e2b-it-q4_K_M
gemma4:e2b-it-q8_0,e2b-it-q8_0,catalog,,False,gemma4,5.12B,Q8_0,131072,8.1,True,True,True,25.9M,2026-04-01/2026-05-01,"oldest tag library/gemma4:latest: '5 months ago' (tags page fetched 2026-09-28 21:29 UTC); model Updated tooltip 'Sep 22, 2026 8:28 PM UTC'",listed after library/nemotron-cascade-2 (older than cutoff) in newest sort; oldest tag may be a re-push,True,,95e5aad2e60a,https://www.ollama.com/library/gemma4:e2b-it-q8_0
gemma4:e2b-it-qat,e2b-it-qat,catalog,,False,gemma4,4.63B,Q4_0,131072,4.3,True,True,True,25.9M,2026-04-01/2026-05-01,"oldest tag library/gemma4:latest: '5 months ago' (tags page fetched 2026-09-28 21:29 UTC); model Updated tooltip 'Sep 22, 2026 8:28 PM UTC'",listed after library/nemotron-cascade-2 (older than cutoff) in newest sort; oldest tag may be a re-push,True,,07ea59a47401,https://www.ollama.com/library/gemma4:e2b-it-qat
gemma4:e2b-mlx,e2b-mlx,catalog,,False,,,,131072,7.5,True,True,True,25.9M,2026-04-01/2026-05-01,"oldest tag library/gemma4:latest: '5 months ago' (tags page fetched 2026-09-28 21:29 UTC); model Updated tooltip 'Sep 22, 2026 8:28 PM UTC'",listed after library/nemotron-cascade-2 (older than cutoff) in newest sort; oldest tag may be a re-push,True,,f4a8449d1781,https://www.ollama.com/library/gemma4:e2b-mlx
gemma4:e2b-mlx-bf16,e2b-mlx-bf16,catalog,,False,,,,131072,10.0,True,True,True,25.9M,2026-04-01/2026-05-01,"oldest tag library/gemma4:latest: '5 months ago' (tags page fetched 2026-09-28 21:29 UTC); model Updated tooltip 'Sep 22, 2026 8:28 PM UTC'",listed after library/nemotron-cascade-2 (older than cutoff) in newest sort; oldest tag may be a re-push,True,,8781e4366f28,https://www.ollama.com/library/gemma4:e2b-mlx-bf16
gemma4:e2b-mxfp8,e2b-mxfp8,catalog,,False,,,,131072,8.2,True,True,True,25.9M,2026-04-01/2026-05-01,"oldest tag library/gemma4:latest: '5 months ago' (tags page fetched 2026-09-28 21:29 UTC); model Updated tooltip 'Sep 22, 2026 8:28 PM UTC'",listed after library/nemotron-cascade-2 (older than cutoff) in newest sort; oldest tag may be a re-push,True,,035e18b64c9f,https://www.ollama.com/library/gemma4:e2b-mxfp8
gemma4:e2b-nvfp4,e2b-nvfp4,catalog,,False,,,,131072,7.5,True,True,True,25.9M,2026-04-01/2026-05-01,"oldest tag library/gemma4:latest: '5 months ago' (tags page fetched 2026-09-28 21:29 UTC); model Updated tooltip 'Sep 22, 2026 8:28 PM UTC'",listed after library/nemotron-cascade-2 (older than cutoff) in newest sort; oldest tag may be a re-push,True,,f4a8449d1781,https://www.ollama.com/library/gemma4:e2b-nvfp4
gemma4:e4b,e4b,catalog,,False,gemma4,8B,Q4_K_M,131072,9.6,True,True,True,25.9M,2026-04-01/2026-05-01,"oldest tag library/gemma4:latest: '5 months ago' (tags page fetched 2026-09-28 21:29 UTC); model Updated tooltip 'Sep 22, 2026 8:28 PM UTC'",listed after library/nemotron-cascade-2 (older than cutoff) in newest sort; oldest tag may be a re-push,True,,c6eb396dbd59,https://www.ollama.com/library/gemma4:e4b
gemma4:e4b-it-bf16,e4b-it-bf16,catalog,,False,gemma4,8B,F16,131072,16.0,True,True,True,25.9M,2026-04-01/2026-05-01,"oldest tag library/gemma4:latest: '5 months ago' (tags page fetched 2026-09-28 21:29 UTC); model Updated tooltip 'Sep 22, 2026 8:28 PM UTC'",listed after library/nemotron-cascade-2 (older than cutoff) in newest sort; oldest tag may be a re-push,True,,d0d10a1b1ddb,https://www.ollama.com/library/gemma4:e4b-it-bf16
gemma4:e4b-it-q4_K_M,e4b-it-q4_K_M,catalog,,False,gemma4,8B,Q4_K_M,131072,9.6,True,True,True,25.9M,2026-04-01/2026-05-01,"oldest tag library/gemma4:latest: '5 months ago' (tags page fetched 2026-09-28 21:29 UTC); model Updated tooltip 'Sep 22, 2026 8:28 PM UTC'",listed after library/nemotron-cascade-2 (older than cutoff) in newest sort; oldest tag may be a re-push,True,,c6eb396dbd59,https://www.ollama.com/library/gemma4:e4b-it-q4_K_M
gemma4:e4b-it-q8_0,e4b-it-q8_0,catalog,,False,gemma4,8B,Q8_0,131072,12.0,True,True,True,25.9M,2026-04-01/2026-05-01,"oldest tag library/gemma4:latest: '5 months ago' (tags page fetched 2026-09-28 21:29 UTC); model Updated tooltip 'Sep 22, 2026 8:28 PM UTC'",listed after library/nemotron-cascade-2 (older than cutoff) in newest sort; oldest tag may be a re-push,True,,9dcc35808b42,https://www.ollama.com/library/gemma4:e4b-it-q8_0
gemma4:e4b-it-qat,e4b-it-qat,catalog,,False,gemma4,7.46B,Q4_0,131072,6.1,True,True,True,25.9M,2026-04-01/2026-05-01,"oldest tag library/gemma4:latest: '5 months ago' (tags page fetched 2026-09-28 21:29 UTC); model Updated tooltip 'Sep 22, 2026 8:28 PM UTC'",listed after library/nemotron-cascade-2 (older than cutoff) in newest sort; oldest tag may be a re-push,True,,ee6656371218,https://www.ollama.com/library/gemma4:e4b-it-qat
gemma4:e4b-mlx,e4b-mlx,catalog,,False,,,,131072,9.5,True,True,True,25.9M,2026-04-01/2026-05-01,"oldest tag library/gemma4:latest: '5 months ago' (tags page fetched 2026-09-28 21:29 UTC); model Updated tooltip 'Sep 22, 2026 8:28 PM UTC'",listed after library/nemotron-cascade-2 (older than cutoff) in newest sort; oldest tag may be a re-push,True,,5a08735df03c,https://www.ollama.com/library/gemma4:e4b-mlx
gemma4:e4b-mlx-bf16,e4b-mlx-bf16,catalog,,False,,,,131072,16.0,True,True,True,25.9M,2026-04-01/2026-05-01,"oldest tag library/gemma4:latest: '5 months ago' (tags page fetched 2026-09-28 21:29 UTC); model Updated tooltip 'Sep 22, 2026 8:28 PM UTC'",listed after library/nemotron-cascade-2 (older than cutoff) in newest sort; oldest tag may be a re-push,True,,b2987c709afc,https://www.ollama.com/library/gemma4:e4b-mlx-bf16
gemma4:e4b-mxfp8,e4b-mxfp8,catalog,,False,,,,131072,12.0,True,True,True,25.9M,2026-04-01/2026-05-01,"oldest tag library/gemma4:latest: '5 months ago' (tags page fetched 2026-09-28 21:29 UTC); model Updated tooltip 'Sep 22, 2026 8:28 PM UTC'",listed after library/nemotron-cascade-2 (older than cutoff) in newest sort; oldest tag may be a re-push,True,,17b5792c1f52,https://www.ollama.com/library/gemma4:e4b-mxfp8
gemma4:e4b-nvfp4,e4b-nvfp4,catalog,,False,,,,131072,9.5,True,True,True,25.9M,2026-04-01/2026-05-01,"oldest tag library/gemma4:latest: '5 months ago' (tags page fetched 2026-09-28 21:29 UTC); model Updated tooltip 'Sep 22, 2026 8:28 PM UTC'",listed after library/nemotron-cascade-2 (older than cutoff) in newest sort; oldest tag may be a re-push,True,,5a08735df03c,https://www.ollama.com/library/gemma4:e4b-nvfp4
gemma4:latest,latest,catalog,,False,gemma4,8B,Q4_K_M,131072,9.6,True,True,True,25.9M,2026-04-01/2026-05-01,"oldest tag library/gemma4:latest: '5 months ago' (tags page fetched 2026-09-28 21:29 UTC); model Updated tooltip 'Sep 22, 2026 8:28 PM UTC'",listed after library/nemotron-cascade-2 (older than cutoff) in newest sort; oldest tag may be a re-push,True,,c6eb396dbd59,https://www.ollama.com/library/gemma4:latest
glm-4.7-flash:bf16,bf16,catalog,,False,deepseek2,29.9B,F16,202752,60.0,True,True,False,2M,2026-05-31/2026-06-05,"oldest tag library/glm-4.7-flash:latest: '3 months ago' (tags page fetched 2026-09-28 21:29 UTC); model Updated tooltip 'Jun 5, 2026 4:16 PM UTC'",listed after library/nemotron-cascade-2 (older than cutoff) in newest sort; oldest tag may be a re-push,True,,b0f42cc1a612,https://www.ollama.com/library/glm-4.7-flash:bf16
glm-4.7-flash:latest,latest,catalog,,False,glm4moelite,29.9B,Q4_K_M,202752,19.0,True,True,False,2M,2026-05-31/2026-06-05,"oldest tag library/glm-4.7-flash:latest: '3 months ago' (tags page fetched 2026-09-28 21:29 UTC); model Updated tooltip 'Jun 5, 2026 4:16 PM UTC'",listed after library/nemotron-cascade-2 (older than cutoff) in newest sort; oldest tag may be a re-push,True,,4475827791a2,https://www.ollama.com/library/glm-4.7-flash:latest
glm-4.7-flash:q4_K_M,q4_K_M,catalog,,False,glm4moelite,29.9B,Q4_K_M,202752,19.0,True,True,False,2M,2026-05-31/2026-06-05,"oldest tag library/glm-4.7-flash:latest: '3 months ago' (tags page fetched 2026-09-28 21:29 UTC); model Updated tooltip 'Jun 5, 2026 4:16 PM UTC'",listed after library/nemotron-cascade-2 (older than cutoff) in newest sort; oldest tag may be a re-push,True,,4475827791a2,https://www.ollama.com/library/glm-4.7-flash:q4_K_M
glm-4.7-flash:q8_0,q8_0,catalog,,False,deepseek2,29.9B,Q8_0,202752,32.0,True,True,False,2M,2026-05-31/2026-06-05,"oldest tag library/glm-4.7-flash:latest: '3 months ago' (tags page fetched 2026-09-28 21:29 UTC); model Updated tooltip 'Jun 5, 2026 4:16 PM UTC'",listed after library/nemotron-cascade-2 (older than cutoff) in newest sort; oldest tag may be a re-push,True,,4420340fd319,https://www.ollama.com/library/glm-4.7-flash:q8_0
granite4.1-guardian:8b,8b,catalog,,False,granite,8.38B,Q6_K,131072,6.9,True,True,False,28.3K,2026-05-31/2026-06-10,"oldest tag library/granite4.1-guardian:8b: '3 months ago' (tags page fetched 2026-09-28 21:28 UTC); model Updated tooltip 'Jun 10, 2026 9:07 PM UTC'",,True,,f82c0882cec1,https://www.ollama.com/library/granite4.1-guardian:8b
granite4.1-guardian:8b-bf16,8b-bf16,catalog,,False,granite,8.38B,BF16,131072,17.0,True,True,False,28.3K,2026-05-31/2026-06-10,"oldest tag library/granite4.1-guardian:8b: '3 months ago' (tags page fetched 2026-09-28 21:28 UTC); model Updated tooltip 'Jun 10, 2026 9:07 PM UTC'",,True,,554b81f96395,https://www.ollama.com/library/granite4.1-guardian:8b-bf16
granite4.1-guardian:8b-q2_K,8b-q2_K,catalog,,False,granite,8.38B,Q2_K,131072,3.3,True,True,False,28.3K,2026-05-31/2026-06-10,"oldest tag library/granite4.1-guardian:8b: '3 months ago' (tags page fetched 2026-09-28 21:28 UTC); model Updated tooltip 'Jun 10, 2026 9:07 PM UTC'",,True,,2c6ebdbc4c96,https://www.ollama.com/library/granite4.1-guardian:8b-q2_K
granite4.1-guardian:8b-q3_K_L,8b-q3_K_L,catalog,,False,granite,8.38B,Q3_K_L,131072,4.5,True,True,False,28.3K,2026-05-31/2026-06-10,"oldest tag library/granite4.1-guardian:8b: '3 months ago' (tags page fetched 2026-09-28 21:28 UTC); model Updated tooltip 'Jun 10, 2026 9:07 PM UTC'",,True,,364832eedf35,https://www.ollama.com/library/granite4.1-guardian:8b-q3_K_L
granite4.1-guardian:8b-q3_K_M,8b-q3_K_M,catalog,,False,granite,8.38B,Q3_K_M,131072,4.2,True,True,False,28.3K,2026-05-31/2026-06-10,"oldest tag library/granite4.1-guardian:8b: '3 months ago' (tags page fetched 2026-09-28 21:28 UTC); model Updated tooltip 'Jun 10, 2026 9:07 PM UTC'",,True,,4b56e240be8d,https://www.ollama.com/library/granite4.1-guardian:8b-q3_K_M
granite4.1-guardian:8b-q3_K_S,8b-q3_K_S,catalog,,False,granite,8.38B,Q3_K_S,131072,3.8,True,True,False,28.3K,2026-05-31/2026-06-10,"oldest tag library/granite4.1-guardian:8b: '3 months ago' (tags page fetched 2026-09-28 21:28 UTC); model Updated tooltip 'Jun 10, 2026 9:07 PM UTC'",,True,,474fe767d1ed,https://www.ollama.com/library/granite4.1-guardian:8b-q3_K_S
granite4.1-guardian:8b-q4_0,8b-q4_0,catalog,,False,granite,8.38B,Q4_0,131072,4.8,True,True,False,28.3K,2026-05-31/2026-06-10,"oldest tag library/granite4.1-guardian:8b: '3 months ago' (tags page fetched 2026-09-28 21:28 UTC); model Updated tooltip 'Jun 10, 2026 9:07 PM UTC'",,True,,a10286f69b99,https://www.ollama.com/library/granite4.1-guardian:8b-q4_0
granite4.1-guardian:8b-q4_1,8b-q4_1,catalog,,False,granite,8.38B,Q4_1,131072,5.3,True,True,False,28.3K,2026-05-31/2026-06-10,"oldest tag library/granite4.1-guardian:8b: '3 months ago' (tags page fetched 2026-09-28 21:28 UTC); model Updated tooltip 'Jun 10, 2026 9:07 PM UTC'",,True,,1be4061519d1,https://www.ollama.com/library/granite4.1-guardian:8b-q4_1
granite4.1-guardian:8b-q4_K_M,8b-q4_K_M,catalog,,False,granite,8.38B,Q4_K_M,131072,5.1,True,True,False,28.3K,2026-05-31/2026-06-10,"oldest tag library/granite4.1-guardian:8b: '3 months ago' (tags page fetched 2026-09-28 21:28 UTC); model Updated tooltip 'Jun 10, 2026 9:07 PM UTC'",,True,,c84f3ddf98bb,https://www.ollama.com/library/granite4.1-guardian:8b-q4_K_M
granite4.1-guardian:8b-q4_K_S,8b-q4_K_S,catalog,,False,granite,8.38B,Q4_K_S,131072,4.9,True,True,False,28.3K,2026-05-31/2026-06-10,"oldest tag library/granite4.1-guardian:8b: '3 months ago' (tags page fetched 2026-09-28 21:28 UTC); model Updated tooltip 'Jun 10, 2026 9:07 PM UTC'",,True,,a8736da3fe78,https://www.ollama.com/library/granite4.1-guardian:8b-q4_K_S
granite4.1-guardian:8b-q5_0,8b-q5_0,catalog,,False,granite,8.38B,Q5_0,131072,5.8,True,True,False,28.3K,2026-05-31/2026-06-10,"oldest tag library/granite4.1-guardian:8b: '3 months ago' (tags page fetched 2026-09-28 21:28 UTC); model Updated tooltip 'Jun 10, 2026 9:07 PM UTC'",,True,,0c7c74ffa2b8,https://www.ollama.com/library/granite4.1-guardian:8b-q5_0
granite4.1-guardian:8b-q5_1,8b-q5_1,catalog,,False,granite,8.38B,Q5_1,131072,6.3,True,True,False,28.3K,2026-05-31/2026-06-10,"oldest tag library/granite4.1-guardian:8b: '3 months ago' (tags page fetched 2026-09-28 21:28 UTC); model Updated tooltip 'Jun 10, 2026 9:07 PM UTC'",,True,,083543c1944b,https://www.ollama.com/library/granite4.1-guardian:8b-q5_1
granite4.1-guardian:8b-q5_K_M,8b-q5_K_M,catalog,,False,granite,8.38B,Q5_K_M,131072,6.0,True,True,False,28.3K,2026-05-31/2026-06-10,"oldest tag library/granite4.1-guardian:8b: '3 months ago' (tags page fetched 2026-09-28 21:28 UTC); model Updated tooltip 'Jun 10, 2026 9:07 PM UTC'",,True,,b06b03b262f4,https://www.ollama.com/library/granite4.1-guardian:8b-q5_K_M
granite4.1-guardian:8b-q5_K_S,8b-q5_K_S,catalog,,False,granite,8.38B,Q5_K_S,131072,5.8,True,True,False,28.3K,2026-05-31/2026-06-10,"oldest tag library/granite4.1-guardian:8b: '3 months ago' (tags page fetched 2026-09-28 21:28 UTC); model Updated tooltip 'Jun 10, 2026 9:07 PM UTC'",,True,,eabbd076be52,https://www.ollama.com/library/granite4.1-guardian:8b-q5_K_S
granite4.1-guardian:8b-q6_K,8b-q6_K,catalog,,False,granite,8.38B,Q6_K,131072,6.9,True,True,False,28.3K,2026-05-31/2026-06-10,"oldest tag library/granite4.1-guardian:8b: '3 months ago' (tags page fetched 2026-09-28 21:28 UTC); model Updated tooltip 'Jun 10, 2026 9:07 PM UTC'",,True,,f82c0882cec1,https://www.ollama.com/library/granite4.1-guardian:8b-q6_K
granite4.1-guardian:8b-q8_0,8b-q8_0,catalog,,False,granite,8.38B,Q8_0,131072,8.9,True,True,False,28.3K,2026-05-31/2026-06-10,"oldest tag library/granite4.1-guardian:8b: '3 months ago' (tags page fetched 2026-09-28 21:28 UTC); model Updated tooltip 'Jun 10, 2026 9:07 PM UTC'",,True,,3697077f3aa1,https://www.ollama.com/library/granite4.1-guardian:8b-q8_0
laguna-s-2.1:dflash-nvfp4,dflash-nvfp4,catalog,,False,,,,1048576,68.0,True,True,False,167.4K,2026-06-30/2026-07-30,"oldest tag library/laguna-s-2.1:latest: '2 months ago' (tags page fetched 2026-09-28 21:28 UTC); model Updated tooltip 'Aug 28, 2026 6:53 PM UTC'",,True,,cbc809384a7c,https://www.ollama.com/library/laguna-s-2.1:dflash-nvfp4
laguna-s-2.1:f16,f16,catalog,,False,laguna,118B,F16,262144,235.0,True,True,False,167.4K,2026-06-30/2026-07-30,"oldest tag library/laguna-s-2.1:latest: '2 months ago' (tags page fetched 2026-09-28 21:28 UTC); model Updated tooltip 'Aug 28, 2026 6:53 PM UTC'",,True,,8bad4c600f65,https://www.ollama.com/library/laguna-s-2.1:f16
laguna-s-2.1:latest,latest,catalog,,False,laguna,118B,Q8_0,262144,96.0,True,True,False,167.4K,2026-06-30/2026-07-30,"oldest tag library/laguna-s-2.1:latest: '2 months ago' (tags page fetched 2026-09-28 21:28 UTC); model Updated tooltip 'Aug 28, 2026 6:53 PM UTC'",,True,,1adabf138c90,https://www.ollama.com/library/laguna-s-2.1:latest
laguna-s-2.1:mlx-bf16,mlx-bf16,catalog,,False,,,,1048576,237.0,True,True,False,167.4K,2026-06-30/2026-07-30,"oldest tag library/laguna-s-2.1:latest: '2 months ago' (tags page fetched 2026-09-28 21:28 UTC); model Updated tooltip 'Aug 28, 2026 6:53 PM UTC'",,True,,b5f23d44f7ed,https://www.ollama.com/library/laguna-s-2.1:mlx-bf16
laguna-s-2.1:mxfp8,mxfp8,catalog,,False,,,,1048576,136.0,True,True,False,167.4K,2026-06-30/2026-07-30,"oldest tag library/laguna-s-2.1:latest: '2 months ago' (tags page fetched 2026-09-28 21:28 UTC); model Updated tooltip 'Aug 28, 2026 6:53 PM UTC'",,True,,4d872a0116f7,https://www.ollama.com/library/laguna-s-2.1:mxfp8
laguna-s-2.1:nvfp4,nvfp4,catalog,,False,,,,1048576,66.0,True,True,False,167.4K,2026-06-30/2026-07-30,"oldest tag library/laguna-s-2.1:latest: '2 months ago' (tags page fetched 2026-09-28 21:28 UTC); model Updated tooltip 'Aug 28, 2026 6:53 PM UTC'",,True,,9971870d882b,https://www.ollama.com/library/laguna-s-2.1:nvfp4
laguna-s-2.1:q4_K_M,q4_K_M,catalog,,False,laguna,118B,Q8_0,262144,96.0,True,True,False,167.4K,2026-06-30/2026-07-30,"oldest tag library/laguna-s-2.1:latest: '2 months ago' (tags page fetched 2026-09-28 21:28 UTC); model Updated tooltip 'Aug 28, 2026 6:53 PM UTC'",,True,,1adabf138c90,https://www.ollama.com/library/laguna-s-2.1:q4_K_M
laguna-s-2.1:q8_0,q8_0,catalog,,False,laguna,118B,Q8_0,262144,128.0,True,True,False,167.4K,2026-06-30/2026-07-30,"oldest tag library/laguna-s-2.1:latest: '2 months ago' (tags page fetched 2026-09-28 21:28 UTC); model Updated tooltip 'Aug 28, 2026 6:53 PM UTC'",,True,,fcc6705b7cd8,https://www.ollama.com/library/laguna-s-2.1:q8_0
laguna-xs-2.1:bf16,bf16,catalog,,False,laguna,33.4B,BF16,262144,67.0,True,True,False,120.3K,2026-06-30/2026-07-30,"oldest tag library/laguna-xs-2.1:latest: '2 months ago' (tags page fetched 2026-09-28 21:28 UTC); model Updated tooltip 'Aug 31, 2026 8:58 PM UTC'",,True,,79a64d06873a,https://www.ollama.com/library/laguna-xs-2.1:bf16
laguna-xs-2.1:latest,latest,catalog,,False,laguna,33.4B,Q4_K_M,262144,20.0,True,True,False,120.3K,2026-06-30/2026-07-30,"oldest tag library/laguna-xs-2.1:latest: '2 months ago' (tags page fetched 2026-09-28 21:28 UTC); model Updated tooltip 'Aug 31, 2026 8:58 PM UTC'",,True,,0175be1e57f4,https://www.ollama.com/library/laguna-xs-2.1:latest
laguna-xs-2.1:mlx-bf16,mlx-bf16,catalog,,False,,,,262144,68.0,True,True,False,120.3K,2026-06-30/2026-07-30,"oldest tag library/laguna-xs-2.1:latest: '2 months ago' (tags page fetched 2026-09-28 21:28 UTC); model Updated tooltip 'Aug 31, 2026 8:58 PM UTC'",,True,,989474a733e8,https://www.ollama.com/library/laguna-xs-2.1:mlx-bf16
laguna-xs-2.1:mxfp8,mxfp8,catalog,,False,,,,262144,40.0,True,True,False,120.3K,2026-06-30/2026-07-30,"oldest tag library/laguna-xs-2.1:latest: '2 months ago' (tags page fetched 2026-09-28 21:28 UTC); model Updated tooltip 'Aug 31, 2026 8:58 PM UTC'",,True,,44251b31234b,https://www.ollama.com/library/laguna-xs-2.1:mxfp8
laguna-xs-2.1:nvfp4,nvfp4,catalog,,False,,,,262144,20.0,True,True,False,120.3K,2026-06-30/2026-07-30,"oldest tag library/laguna-xs-2.1:latest: '2 months ago' (tags page fetched 2026-09-28 21:28 UTC); model Updated tooltip 'Aug 31, 2026 8:58 PM UTC'",,True,,540825c4fccb,https://www.ollama.com/library/laguna-xs-2.1:nvfp4
laguna-xs-2.1:q4_K_M,q4_K_M,catalog,,False,laguna,33.4B,Q4_K_M,262144,20.0,True,True,False,120.3K,2026-06-30/2026-07-30,"oldest tag library/laguna-xs-2.1:latest: '2 months ago' (tags page fetched 2026-09-28 21:28 UTC); model Updated tooltip 'Aug 31, 2026 8:58 PM UTC'",,True,,0175be1e57f4,https://www.ollama.com/library/laguna-xs-2.1:q4_K_M
laguna-xs-2.1:q8_0,q8_0,catalog,,False,laguna,33.4B,Q8_0,262144,36.0,True,True,False,120.3K,2026-06-30/2026-07-30,"oldest tag library/laguna-xs-2.1:latest: '2 months ago' (tags page fetched 2026-09-28 21:28 UTC); model Updated tooltip 'Aug 31, 2026 8:58 PM UTC'",,True,,a249c0765c04,https://www.ollama.com/library/laguna-xs-2.1:q8_0
laguna-xs.2:bf16,bf16,catalog,,False,laguna,33.4B,F16,131072,67.0,True,True,False,32K,2026-04-01/2026-05-01,"oldest tag library/laguna-xs.2:latest: '5 months ago' (tags page fetched 2026-09-28 21:28 UTC); model Updated tooltip 'Jul 25, 2026 6:19 PM UTC'",,True,,cb0fe684dd63,https://www.ollama.com/library/laguna-xs.2:bf16
laguna-xs.2:latest,latest,catalog,,False,laguna,33.4B,Q4_K_M,131072,23.0,True,True,False,32K,2026-04-01/2026-05-01,"oldest tag library/laguna-xs.2:latest: '5 months ago' (tags page fetched 2026-09-28 21:28 UTC); model Updated tooltip 'Jul 25, 2026 6:19 PM UTC'",,True,,ba9ecde43b0e,https://www.ollama.com/library/laguna-xs.2:latest
laguna-xs.2:mlx-bf16,mlx-bf16,catalog,,False,,,,262144,67.0,True,True,False,32K,2026-04-01/2026-05-01,"oldest tag library/laguna-xs.2:latest: '5 months ago' (tags page fetched 2026-09-28 21:28 UTC); model Updated tooltip 'Jul 25, 2026 6:19 PM UTC'",,True,,77c0711e5d46,https://www.ollama.com/library/laguna-xs.2:mlx-bf16
laguna-xs.2:mxfp8,mxfp8,catalog,,False,,,,262144,39.0,True,True,False,32K,2026-04-01/2026-05-01,"oldest tag library/laguna-xs.2:latest: '5 months ago' (tags page fetched 2026-09-28 21:28 UTC); model Updated tooltip 'Jul 25, 2026 6:19 PM UTC'",,True,,573baf5fcf0c,https://www.ollama.com/library/laguna-xs.2:mxfp8
laguna-xs.2:nvfp4,nvfp4,catalog,,False,,,,262144,19.0,True,True,False,32K,2026-04-01/2026-05-01,"oldest tag library/laguna-xs.2:latest: '5 months ago' (tags page fetched 2026-09-28 21:28 UTC); model Updated tooltip 'Jul 25, 2026 6:19 PM UTC'",,True,,5bc4c3edeb0c,https://www.ollama.com/library/laguna-xs.2:nvfp4
laguna-xs.2:q4_K_M,q4_K_M,catalog,,False,laguna,33.4B,Q4_K_M,131072,23.0,True,True,False,32K,2026-04-01/2026-05-01,"oldest tag library/laguna-xs.2:latest: '5 months ago' (tags page fetched 2026-09-28 21:28 UTC); model Updated tooltip 'Jul 25, 2026 6:19 PM UTC'",,True,,ba9ecde43b0e,https://www.ollama.com/library/laguna-xs.2:q4_K_M
laguna-xs.2:q8_0,q8_0,catalog,,False,laguna,33.4B,Q8_0,131072,37.0,True,True,False,32K,2026-04-01/2026-05-01,"oldest tag library/laguna-xs.2:latest: '5 months ago' (tags page fetched 2026-09-28 21:28 UTC); model Updated tooltip 'Jul 25, 2026 6:19 PM UTC'",,True,,de0c566abd07,https://www.ollama.com/library/laguna-xs.2:q8_0
lfm2.5:8b,8b,catalog,,False,lfm2moe,8.47B,Q4_K_M,128000,5.2,True,True,False,165.8K,2026-05-01/2026-05-31,"oldest tag library/lfm2.5:latest: '4 months ago' (tags page fetched 2026-09-28 21:28 UTC); model Updated tooltip 'May 31, 2026 4:16 AM UTC'",,True,,9cf756159fc2,https://www.ollama.com/library/lfm2.5:8b
lfm2.5:8b-a1b-bf16,8b-a1b-bf16,catalog,,False,lfm2moe,8.47B,F16,128000,17.0,True,True,False,165.8K,2026-05-01/2026-05-31,"oldest tag library/lfm2.5:latest: '4 months ago' (tags page fetched 2026-09-28 21:28 UTC); model Updated tooltip 'May 31, 2026 4:16 AM UTC'",,True,,c6d60dd0c9c3,https://www.ollama.com/library/lfm2.5:8b-a1b-bf16
lfm2.5:8b-a1b-q4_K_M,8b-a1b-q4_K_M,catalog,,False,lfm2moe,8.47B,Q4_K_M,128000,5.2,True,True,False,165.8K,2026-05-01/2026-05-31,"oldest tag library/lfm2.5:latest: '4 months ago' (tags page fetched 2026-09-28 21:28 UTC); model Updated tooltip 'May 31, 2026 4:16 AM UTC'",,True,,9cf756159fc2,https://www.ollama.com/library/lfm2.5:8b-a1b-q4_K_M
lfm2.5:8b-a1b-q8_0,8b-a1b-q8_0,catalog,,False,lfm2moe,8.47B,Q8_0,128000,9.0,True,True,False,165.8K,2026-05-01/2026-05-31,"oldest tag library/lfm2.5:latest: '4 months ago' (tags page fetched 2026-09-28 21:28 UTC); model Updated tooltip 'May 31, 2026 4:16 AM UTC'",,True,,4fa3787050ca,https://www.ollama.com/library/lfm2.5:8b-a1b-q8_0
lfm2.5:latest,latest,catalog,,False,lfm2moe,8.47B,Q4_K_M,128000,5.2,True,True,False,165.8K,2026-05-01/2026-05-31,"oldest tag library/lfm2.5:latest: '4 months ago' (tags page fetched 2026-09-28 21:28 UTC); model Updated tooltip 'May 31, 2026 4:16 AM UTC'",,True,,9cf756159fc2,https://www.ollama.com/library/lfm2.5:latest
mistral-medium-3.5:128b,128b,catalog,,False,mistral3,128B,Q4_K_M,262144,80.0,True,True,True,418.5K,2026-05-01/2026-05-05,"oldest tag library/mistral-medium-3.5:latest: '4 months ago' (tags page fetched 2026-09-28 21:28 UTC); model Updated tooltip 'May 5, 2026 11:14 PM UTC'",,True,,0341632adb05,https://www.ollama.com/library/mistral-medium-3.5:128b
mistral-medium-3.5:128b-bf16,128b-bf16,catalog,,False,mistral3,128B,F16,262144,255.0,True,True,True,418.5K,2026-05-01/2026-05-05,"oldest tag library/mistral-medium-3.5:latest: '4 months ago' (tags page fetched 2026-09-28 21:28 UTC); model Updated tooltip 'May 5, 2026 11:14 PM UTC'",,True,,03b1ca2260f6,https://www.ollama.com/library/mistral-medium-3.5:128b-bf16
mistral-medium-3.5:128b-q4_K_M,128b-q4_K_M,catalog,,False,mistral3,128B,Q4_K_M,262144,80.0,True,True,True,418.5K,2026-05-01/2026-05-05,"oldest tag library/mistral-medium-3.5:latest: '4 months ago' (tags page fetched 2026-09-28 21:28 UTC); model Updated tooltip 'May 5, 2026 11:14 PM UTC'",,True,,0341632adb05,https://www.ollama.com/library/mistral-medium-3.5:128b-q4_K_M
mistral-medium-3.5:128b-q8_0,128b-q8_0,catalog,,False,mistral3,128B,Q8_0,262144,138.0,True,True,True,418.5K,2026-05-01/2026-05-05,"oldest tag library/mistral-medium-3.5:latest: '4 months ago' (tags page fetched 2026-09-28 21:28 UTC); model Updated tooltip 'May 5, 2026 11:14 PM UTC'",,True,,4e309f1ff6ce,https://www.ollama.com/library/mistral-medium-3.5:128b-q8_0
mistral-medium-3.5:latest,latest,catalog,,False,mistral3,128B,Q4_K_M,262144,80.0,True,True,True,418.5K,2026-05-01/2026-05-05,"oldest tag library/mistral-medium-3.5:latest: '4 months ago' (tags page fetched 2026-09-28 21:28 UTC); model Updated tooltip 'May 5, 2026 11:14 PM UTC'",,True,,0341632adb05,https://www.ollama.com/library/mistral-medium-3.5:latest
muse-glimmer:30b,30b,catalog,,False,muse-glimmer,27.9B,Q4_K_M,131072,18.0,True,True,True,239.6K,2026-07-30/2026-08-28,"oldest tag library/muse-glimmer:latest: '1 month ago' (tags page fetched 2026-09-28 21:28 UTC); model Updated tooltip 'Aug 28, 2026 7:09 PM UTC'",,True,,de878ce33ad8,https://www.ollama.com/library/muse-glimmer:30b
muse-glimmer:30b-bf16,30b-bf16,catalog,,False,muse-glimmer,27.9B,BF16,131072,57.0,True,True,True,239.6K,2026-07-30/2026-08-28,"oldest tag library/muse-glimmer:latest: '1 month ago' (tags page fetched 2026-09-28 21:28 UTC); model Updated tooltip 'Aug 28, 2026 7:09 PM UTC'",,True,,318fb1b9b816,https://www.ollama.com/library/muse-glimmer:30b-bf16
muse-glimmer:30b-bf16-dflash,30b-bf16-dflash,catalog,,False,muse-glimmer,27.9B,BF16,131072,59.0,True,True,True,239.6K,2026-07-30/2026-08-28,"oldest tag library/muse-glimmer:latest: '1 month ago' (tags page fetched 2026-09-28 21:28 UTC); model Updated tooltip 'Aug 28, 2026 7:09 PM UTC'",,True,,bd22c6664845,https://www.ollama.com/library/muse-glimmer:30b-bf16-dflash
muse-glimmer:30b-mlx,30b-mlx,catalog,,False,,,,131072,19.0,True,True,True,239.6K,2026-07-30/2026-08-28,"oldest tag library/muse-glimmer:latest: '1 month ago' (tags page fetched 2026-09-28 21:28 UTC); model Updated tooltip 'Aug 28, 2026 7:09 PM UTC'",,True,,015fa21845be,https://www.ollama.com/library/muse-glimmer:30b-mlx
muse-glimmer:30b-mlx-bf16,30b-mlx-bf16,catalog,,False,,,,131072,60.0,True,True,True,239.6K,2026-07-30/2026-08-28,"oldest tag library/muse-glimmer:latest: '1 month ago' (tags page fetched 2026-09-28 21:28 UTC); model Updated tooltip 'Aug 28, 2026 7:09 PM UTC'",,True,,43511b65122d,https://www.ollama.com/library/muse-glimmer:30b-mlx-bf16
muse-glimmer:30b-mlx-bf16-dflash,30b-mlx-bf16-dflash,catalog,,False,,,,131072,65.0,True,True,True,239.6K,2026-07-30/2026-08-28,"oldest tag library/muse-glimmer:latest: '1 month ago' (tags page fetched 2026-09-28 21:28 UTC); model Updated tooltip 'Aug 28, 2026 7:09 PM UTC'",,True,,db7968c9dcb3,https://www.ollama.com/library/muse-glimmer:30b-mlx-bf16-dflash
muse-glimmer:30b-mxfp8,30b-mxfp8,catalog,,False,,,,131072,33.0,True,True,True,239.6K,2026-07-30/2026-08-28,"oldest tag library/muse-glimmer:latest: '1 month ago' (tags page fetched 2026-09-28 21:28 UTC); model Updated tooltip 'Aug 28, 2026 7:09 PM UTC'",,True,,783458ca3191,https://www.ollama.com/library/muse-glimmer:30b-mxfp8
muse-glimmer:30b-mxfp8-dflash,30b-mxfp8-dflash,catalog,,False,,,,131072,35.0,True,True,True,239.6K,2026-07-30/2026-08-28,"oldest tag library/muse-glimmer:latest: '1 month ago' (tags page fetched 2026-09-28 21:28 UTC); model Updated tooltip 'Aug 28, 2026 7:09 PM UTC'",,True,,14bd0cb8d43f,https://www.ollama.com/library/muse-glimmer:30b-mxfp8-dflash
muse-glimmer:30b-nvfp4,30b-nvfp4,catalog,,False,,,,131072,17.0,True,True,True,239.6K,2026-07-30/2026-08-28,"oldest tag library/muse-glimmer:latest: '1 month ago' (tags page fetched 2026-09-28 21:28 UTC); model Updated tooltip 'Aug 28, 2026 7:09 PM UTC'",,True,,6a78d632287f,https://www.ollama.com/library/muse-glimmer:30b-nvfp4
muse-glimmer:30b-nvfp4-dflash,30b-nvfp4-dflash,catalog,,False,,,,131072,19.0,True,True,True,239.6K,2026-07-30/2026-08-28,"oldest tag library/muse-glimmer:latest: '1 month ago' (tags page fetched 2026-09-28 21:28 UTC); model Updated tooltip 'Aug 28, 2026 7:09 PM UTC'",,True,,015fa21845be,https://www.ollama.com/library/muse-glimmer:30b-nvfp4-dflash
muse-glimmer:30b-q4_K_M,30b-q4_K_M,catalog,,False,muse-glimmer,27.9B,Q4_K_M,131072,18.0,True,True,True,239.6K,2026-07-30/2026-08-28,"oldest tag library/muse-glimmer:latest: '1 month ago' (tags page fetched 2026-09-28 21:28 UTC); model Updated tooltip 'Aug 28, 2026 7:09 PM UTC'",,True,,de878ce33ad8,https://www.ollama.com/library/muse-glimmer:30b-q4_K_M
muse-glimmer:30b-q4_K_M-dflash,30b-q4_K_M-dflash,catalog,,False,muse-glimmer,27.9B,Q4_K_M,131072,20.0,True,True,True,239.6K,2026-07-30/2026-08-28,"oldest tag library/muse-glimmer:latest: '1 month ago' (tags page fetched 2026-09-28 21:28 UTC); model Updated tooltip 'Aug 28, 2026 7:09 PM UTC'",,True,,da643f4663ab,https://www.ollama.com/library/muse-glimmer:30b-q4_K_M-dflash
muse-glimmer:30b-q8_0,30b-q8_0,catalog,,False,muse-glimmer,27.9B,Q8_0,131072,31.0,True,True,True,239.6K,2026-07-30/2026-08-28,"oldest tag library/muse-glimmer:latest: '1 month ago' (tags page fetched 2026-09-28 21:28 UTC); model Updated tooltip 'Aug 28, 2026 7:09 PM UTC'",,True,,6ffafcdbd728,https://www.ollama.com/library/muse-glimmer:30b-q8_0
muse-glimmer:30b-q8_0-dflash,30b-q8_0-dflash,catalog,,False,muse-glimmer,27.9B,Q8_0,131072,33.0,True,True,True,239.6K,2026-07-30/2026-08-28,"oldest tag library/muse-glimmer:latest: '1 month ago' (tags page fetched 2026-09-28 21:28 UTC); model Updated tooltip 'Aug 28, 2026 7:09 PM UTC'",,True,,51675ea1db04,https://www.ollama.com/library/muse-glimmer:30b-q8_0-dflash
muse-glimmer:latest,latest,catalog,,False,muse-glimmer,27.9B,Q4_K_M,131072,18.0,True,True,True,239.6K,2026-07-30/2026-08-28,"oldest tag library/muse-glimmer:latest: '1 month ago' (tags page fetched 2026-09-28 21:28 UTC); model Updated tooltip 'Aug 28, 2026 7:09 PM UTC'",,True,,de878ce33ad8,https://www.ollama.com/library/muse-glimmer:latest
nemotron-3.5-lightning:30b,30b,catalog,,False,nemotron_h_moe,32.9B,Q4_K_M,1048576,25.0,True,True,False,190.5K,2026-07-30/2026-08-29,"oldest tag library/nemotron-3.5-lightning:latest: '1 month ago' (tags page fetched 2026-09-28 21:28 UTC); model Updated tooltip 'Aug 31, 2026 9:05 PM UTC'",,True,,e7a64ff15fb1,https://www.ollama.com/library/nemotron-3.5-lightning:30b
nemotron-3.5-lightning:30b-a3b,30b-a3b,catalog,,False,nemotron_h_moe,32.9B,Q4_K_M,1048576,25.0,True,True,False,190.5K,2026-07-30/2026-08-29,"oldest tag library/nemotron-3.5-lightning:latest: '1 month ago' (tags page fetched 2026-09-28 21:28 UTC); model Updated tooltip 'Aug 31, 2026 9:05 PM UTC'",,True,,e7a64ff15fb1,https://www.ollama.com/library/nemotron-3.5-lightning:30b-a3b
nemotron-3.5-lightning:30b-a3b-bf16,30b-a3b-bf16,catalog,,False,nemotron_h_moe,32.9B,BF16,1048576,66.0,True,True,False,190.5K,2026-07-30/2026-08-29,"oldest tag library/nemotron-3.5-lightning:latest: '1 month ago' (tags page fetched 2026-09-28 21:28 UTC); model Updated tooltip 'Aug 31, 2026 9:05 PM UTC'",,True,,721c64cd61ac,https://www.ollama.com/library/nemotron-3.5-lightning:30b-a3b-bf16
nemotron-3.5-lightning:30b-a3b-mlx,30b-a3b-mlx,catalog,,False,,,,262144,23.0,True,True,False,190.5K,2026-07-30/2026-08-29,"oldest tag library/nemotron-3.5-lightning:latest: '1 month ago' (tags page fetched 2026-09-28 21:28 UTC); model Updated tooltip 'Aug 31, 2026 9:05 PM UTC'",,True,,8b1474be6e54,https://www.ollama.com/library/nemotron-3.5-lightning:30b-a3b-mlx
nemotron-3.5-lightning:30b-a3b-mlx-bf16,30b-a3b-mlx-bf16,catalog,,False,,,,262144,66.0,True,True,False,190.5K,2026-07-30/2026-08-29,"oldest tag library/nemotron-3.5-lightning:latest: '1 month ago' (tags page fetched 2026-09-28 21:28 UTC); model Updated tooltip 'Aug 31, 2026 9:05 PM UTC'",,True,,7bf11b5991ed,https://www.ollama.com/library/nemotron-3.5-lightning:30b-a3b-mlx-bf16
nemotron-3.5-lightning:30b-a3b-mxfp8,30b-a3b-mxfp8,catalog,,False,,,,262144,34.0,True,True,False,190.5K,2026-07-30/2026-08-29,"oldest tag library/nemotron-3.5-lightning:latest: '1 month ago' (tags page fetched 2026-09-28 21:28 UTC); model Updated tooltip 'Aug 31, 2026 9:05 PM UTC'",,True,,9dad1618f1ac,https://www.ollama.com/library/nemotron-3.5-lightning:30b-a3b-mxfp8
nemotron-3.5-lightning:30b-a3b-nvfp4,30b-a3b-nvfp4,catalog,,False,,,,262144,23.0,True,True,False,190.5K,2026-07-30/2026-08-29,"oldest tag library/nemotron-3.5-lightning:latest: '1 month ago' (tags page fetched 2026-09-28 21:28 UTC); model Updated tooltip 'Aug 31, 2026 9:05 PM UTC'",,True,,8b1474be6e54,https://www.ollama.com/library/nemotron-3.5-lightning:30b-a3b-nvfp4
nemotron-3.5-lightning:30b-a3b-q4_K_M,30b-a3b-q4_K_M,catalog,,False,nemotron_h_moe,32.9B,Q4_K_M,1048576,25.0,True,True,False,190.5K,2026-07-30/2026-08-29,"oldest tag library/nemotron-3.5-lightning:latest: '1 month ago' (tags page fetched 2026-09-28 21:28 UTC); model Updated tooltip 'Aug 31, 2026 9:05 PM UTC'",,True,,e7a64ff15fb1,https://www.ollama.com/library/nemotron-3.5-lightning:30b-a3b-q4_K_M
nemotron-3.5-lightning:30b-a3b-q8_0,30b-a3b-q8_0,catalog,,False,nemotron_h_moe,32.9B,Q8_0,1048576,35.0,True,True,False,190.5K,2026-07-30/2026-08-29,"oldest tag library/nemotron-3.5-lightning:latest: '1 month ago' (tags page fetched 2026-09-28 21:28 UTC); model Updated tooltip 'Aug 31, 2026 9:05 PM UTC'",,True,,9983b24ee511,https://www.ollama.com/library/nemotron-3.5-lightning:30b-a3b-q8_0
nemotron-3.5-lightning:30b-mlx,30b-mlx,catalog,,False,,,,262144,23.0,True,True,False,190.5K,2026-07-30/2026-08-29,"oldest tag library/nemotron-3.5-lightning:latest: '1 month ago' (tags page fetched 2026-09-28 21:28 UTC); model Updated tooltip 'Aug 31, 2026 9:05 PM UTC'",,True,,8b1474be6e54,https://www.ollama.com/library/nemotron-3.5-lightning:30b-mlx
nemotron-3.5-lightning:latest,latest,catalog,,False,nemotron_h_moe,32.9B,Q4_K_M,1048576,25.0,True,True,False,190.5K,2026-07-30/2026-08-29,"oldest tag library/nemotron-3.5-lightning:latest: '1 month ago' (tags page fetched 2026-09-28 21:28 UTC); model Updated tooltip 'Aug 31, 2026 9:05 PM UTC'",,True,,e7a64ff15fb1,https://www.ollama.com/library/nemotron-3.5-lightning:latest
nemotron3:33b,33b,catalog,,False,nemotron_h_omni,33B,Q4_K_M,131072,28.0,True,True,True,670.1K,2026-04-01/2026-04-27,"oldest tag library/nemotron3:33b: '5 months ago' (tags page fetched 2026-09-28 21:28 UTC); model Updated tooltip 'Apr 27, 2026 8:26 PM UTC'",,True,,f6d8b7ff496c,https://www.ollama.com/library/nemotron3:33b
nemotron3:33b-bf16,33b-bf16,catalog,,False,nemotron_h_omni,33B,F16,131072,66.0,True,True,True,670.1K,2026-04-01/2026-04-27,"oldest tag library/nemotron3:33b: '5 months ago' (tags page fetched 2026-09-28 21:28 UTC); model Updated tooltip 'Apr 27, 2026 8:26 PM UTC'",,True,,b318f0929784,https://www.ollama.com/library/nemotron3:33b-bf16
nemotron3:33b-q4_K_M,33b-q4_K_M,catalog,,False,nemotron_h_omni,33B,Q4_K_M,131072,28.0,True,True,True,670.1K,2026-04-01/2026-04-27,"oldest tag library/nemotron3:33b: '5 months ago' (tags page fetched 2026-09-28 21:28 UTC); model Updated tooltip 'Apr 27, 2026 8:26 PM UTC'",,True,,baa676a14e13,https://www.ollama.com/library/nemotron3:33b-q4_K_M
nemotron3:33b-q8,33b-q8,catalog,,False,nemotron_h_omni,33B,Q8_0,131072,36.0,True,True,True,670.1K,2026-04-01/2026-04-27,"oldest tag library/nemotron3:33b: '5 months ago' (tags page fetched 2026-09-28 21:28 UTC); model Updated tooltip 'Apr 27, 2026 8:26 PM UTC'",,True,,74d89c84a443,https://www.ollama.com/library/nemotron3:33b-q8
north-mini-code-1.0:bf16,bf16,catalog,,False,cohere2moe,30.5B,BF16,499712,61.0,True,True,False,60.5K,2026-05-31/2026-06-18,"oldest tag library/north-mini-code-1.0:latest: '3 months ago' (tags page fetched 2026-09-28 21:28 UTC); model Updated tooltip 'Jun 18, 2026 1:39 AM UTC'",,True,,e1265bf9e834,https://www.ollama.com/library/north-mini-code-1.0:bf16
north-mini-code-1.0:latest,latest,catalog,,False,cohere2moe,30.5B,Q4_K_M,499712,19.0,True,True,False,60.5K,2026-05-31/2026-06-18,"oldest tag library/north-mini-code-1.0:latest: '3 months ago' (tags page fetched 2026-09-28 21:28 UTC); model Updated tooltip 'Jun 18, 2026 1:39 AM UTC'",,True,,d8b269ad5c7c,https://www.ollama.com/library/north-mini-code-1.0:latest
north-mini-code-1.0:mlx-bf16,mlx-bf16,catalog,,False,,,,499712,61.0,True,True,False,60.5K,2026-05-31/2026-06-18,"oldest tag library/north-mini-code-1.0:latest: '3 months ago' (tags page fetched 2026-09-28 21:28 UTC); model Updated tooltip 'Jun 18, 2026 1:39 AM UTC'",,True,,70520154ae45,https://www.ollama.com/library/north-mini-code-1.0:mlx-bf16
north-mini-code-1.0:mlx-mxfp8,mlx-mxfp8,catalog,,False,,,,499712,31.0,True,True,False,60.5K,2026-05-31/2026-06-18,"oldest tag library/north-mini-code-1.0:latest: '3 months ago' (tags page fetched 2026-09-28 21:28 UTC); model Updated tooltip 'Jun 18, 2026 1:39 AM UTC'",,True,,82b3f0ab2d1c,https://www.ollama.com/library/north-mini-code-1.0:mlx-mxfp8
north-mini-code-1.0:mlx-nvfp4,mlx-nvfp4,catalog,,False,,,,499712,20.0,True,True,False,60.5K,2026-05-31/2026-06-18,"oldest tag library/north-mini-code-1.0:latest: '3 months ago' (tags page fetched 2026-09-28 21:28 UTC); model Updated tooltip 'Jun 18, 2026 1:39 AM UTC'",,True,,83c9952930e0,https://www.ollama.com/library/north-mini-code-1.0:mlx-nvfp4
north-mini-code-1.0:q4_K_M,q4_K_M,catalog,,False,cohere2moe,30.5B,Q4_K_M,499712,19.0,True,True,False,60.5K,2026-05-31/2026-06-18,"oldest tag library/north-mini-code-1.0:latest: '3 months ago' (tags page fetched 2026-09-28 21:28 UTC); model Updated tooltip 'Jun 18, 2026 1:39 AM UTC'",,True,,d8b269ad5c7c,https://www.ollama.com/library/north-mini-code-1.0:q4_K_M
north-mini-code-1.0:q8_0,q8_0,catalog,,False,cohere2moe,30.5B,Q8_0,499712,32.0,True,True,False,60.5K,2026-05-31/2026-06-18,"oldest tag library/north-mini-code-1.0:latest: '3 months ago' (tags page fetched 2026-09-28 21:28 UTC); model Updated tooltip 'Jun 18, 2026 1:39 AM UTC'",,True,,b6c144236e03,https://www.ollama.com/library/north-mini-code-1.0:q8_0
qwen3.6:27b-bf16,27b-bf16,catalog,,False,qwen35,27.8B,F16,262144,56.0,True,True,True,6.8M,2026-04-01/2026-05-01,"oldest tag library/qwen3.6:27b-coding-nvfp4: '5 months ago' (tags page fetched 2026-09-28 21:29 UTC); model Updated tooltip 'Sep 1, 2026 5:04 PM UTC'",,True,,c3a702fca756,https://www.ollama.com/library/qwen3.6:27b-bf16
qwen3.6:27b-coding,27b-coding,catalog,,False,qwen35,27.3B,Q4_K_M,262144,18.0,True,True,True,6.8M,2026-04-01/2026-05-01,"oldest tag library/qwen3.6:27b-coding-nvfp4: '5 months ago' (tags page fetched 2026-09-28 21:29 UTC); model Updated tooltip 'Sep 1, 2026 5:04 PM UTC'",,True,,3a12a518a499,https://www.ollama.com/library/qwen3.6:27b-coding
qwen3.6:27b-coding-bf16,27b-coding-bf16,catalog,,False,,,,262144,55.0,True,True,True,6.8M,2026-04-01/2026-05-01,"oldest tag library/qwen3.6:27b-coding-nvfp4: '5 months ago' (tags page fetched 2026-09-28 21:29 UTC); model Updated tooltip 'Sep 1, 2026 5:04 PM UTC'",,True,,aa7f9b4e8d3b,https://www.ollama.com/library/qwen3.6:27b-coding-bf16
qwen3.6:27b-coding-mtp-q4_K_M,27b-coding-mtp-q4_K_M,catalog,,False,qwen35,27.3B,Q4_K_M,262144,18.0,True,True,True,6.8M,2026-04-01/2026-05-01,"oldest tag library/qwen3.6:27b-coding-nvfp4: '5 months ago' (tags page fetched 2026-09-28 21:29 UTC); model Updated tooltip 'Sep 1, 2026 5:04 PM UTC'",,True,,3a12a518a499,https://www.ollama.com/library/qwen3.6:27b-coding-mtp-q4_K_M
qwen3.6:27b-coding-mxfp8,27b-coding-mxfp8,catalog,,False,,,,262144,30.0,True,True,True,6.8M,2026-04-01/2026-05-01,"oldest tag library/qwen3.6:27b-coding-nvfp4: '5 months ago' (tags page fetched 2026-09-28 21:29 UTC); model Updated tooltip 'Sep 1, 2026 5:04 PM UTC'",,True,,55e00ff2ac60,https://www.ollama.com/library/qwen3.6:27b-coding-mxfp8
qwen3.6:27b-coding-nvfp4,27b-coding-nvfp4,catalog,,False,,,,262144,20.0,True,True,True,6.8M,2026-04-01/2026-05-01,"oldest tag library/qwen3.6:27b-coding-nvfp4: '5 months ago' (tags page fetched 2026-09-28 21:29 UTC); model Updated tooltip 'Sep 1, 2026 5:04 PM UTC'",,True,,42a2d9de99b0,https://www.ollama.com/library/qwen3.6:27b-coding-nvfp4
qwen3.6:27b-mlx,27b-mlx,catalog,,False,,,,262144,19.0,True,True,True,6.8M,2026-04-01/2026-05-01,"oldest tag library/qwen3.6:27b-coding-nvfp4: '5 months ago' (tags page fetched 2026-09-28 21:29 UTC); model Updated tooltip 'Sep 1, 2026 5:04 PM UTC'",,True,,d49fd9e0da45,https://www.ollama.com/library/qwen3.6:27b-mlx
qwen3.6:27b-mlx-bf16,27b-mlx-bf16,catalog,,False,,,,262144,56.0,True,True,True,6.8M,2026-04-01/2026-05-01,"oldest tag library/qwen3.6:27b-coding-nvfp4: '5 months ago' (tags page fetched 2026-09-28 21:29 UTC); model Updated tooltip 'Sep 1, 2026 5:04 PM UTC'",,True,,a5a683796d20,https://www.ollama.com/library/qwen3.6:27b-mlx-bf16
qwen3.6:27b-mtp-bf16,27b-mtp-bf16,catalog,,False,qwen35,27.3B,F16,262144,56.0,True,True,True,6.8M,2026-04-01/2026-05-01,"oldest tag library/qwen3.6:27b-coding-nvfp4: '5 months ago' (tags page fetched 2026-09-28 21:29 UTC); model Updated tooltip 'Sep 1, 2026 5:04 PM UTC'",,True,,df430f32c9db,https://www.ollama.com/library/qwen3.6:27b-mtp-bf16
qwen3.6:27b-mtp-q4_K_M,27b-mtp-q4_K_M,catalog,,False,qwen35,27.3B,Q4_K_M,262144,18.0,True,True,True,6.8M,2026-04-01/2026-05-01,"oldest tag library/qwen3.6:27b-coding-nvfp4: '5 months ago' (tags page fetched 2026-09-28 21:29 UTC); model Updated tooltip 'Sep 1, 2026 5:04 PM UTC'",,True,,9d5803d493a9,https://www.ollama.com/library/qwen3.6:27b-mtp-q4_K_M
qwen3.6:27b-mtp-q8_0,27b-mtp-q8_0,catalog,,False,qwen35,27.3B,Q8_0,262144,30.0,True,True,True,6.8M,2026-04-01/2026-05-01,"oldest tag library/qwen3.6:27b-coding-nvfp4: '5 months ago' (tags page fetched 2026-09-28 21:29 UTC); model Updated tooltip 'Sep 1, 2026 5:04 PM UTC'",,True,,7e11e6ecb134,https://www.ollama.com/library/qwen3.6:27b-mtp-q8_0
qwen3.6:27b-mxfp8,27b-mxfp8,catalog,,False,,,,262144,30.0,True,True,True,6.8M,2026-04-01/2026-05-01,"oldest tag library/qwen3.6:27b-coding-nvfp4: '5 months ago' (tags page fetched 2026-09-28 21:29 UTC); model Updated tooltip 'Sep 1, 2026 5:04 PM UTC'",,True,,4ef566e80abd,https://www.ollama.com/library/qwen3.6:27b-mxfp8
qwen3.6:27b-nvfp4,27b-nvfp4,catalog,,False,,,,262144,19.0,True,True,True,6.8M,2026-04-01/2026-05-01,"oldest tag library/qwen3.6:27b-coding-nvfp4: '5 months ago' (tags page fetched 2026-09-28 21:29 UTC); model Updated tooltip 'Sep 1, 2026 5:04 PM UTC'",,True,,d49fd9e0da45,https://www.ollama.com/library/qwen3.6:27b-nvfp4
qwen3.6:27b-q4_K_M,27b-q4_K_M,catalog,,False,qwen35,27.8B,Q4_K_M,262144,17.0,True,True,True,6.8M,2026-04-01/2026-05-01,"oldest tag library/qwen3.6:27b-coding-nvfp4: '5 months ago' (tags page fetched 2026-09-28 21:29 UTC); model Updated tooltip 'Sep 1, 2026 5:04 PM UTC'",,True,,3a40c32f1450,https://www.ollama.com/library/qwen3.6:27b-q4_K_M
qwen3.6:27b-q8_0,27b-q8_0,catalog,,False,qwen35,27.8B,Q8_0,262144,30.0,True,True,True,6.8M,2026-04-01/2026-05-01,"oldest tag library/qwen3.6:27b-coding-nvfp4: '5 months ago' (tags page fetched 2026-09-28 21:29 UTC); model Updated tooltip 'Sep 1, 2026 5:04 PM UTC'",,True,,cd0210c667bf,https://www.ollama.com/library/qwen3.6:27b-q8_0
qwen3.6:35b,35b,catalog,,False,qwen35moe,35.5B,Q4_K_M,262144,23.0,True,True,True,6.8M,2026-04-01/2026-05-01,"oldest tag library/qwen3.6:27b-coding-nvfp4: '5 months ago' (tags page fetched 2026-09-28 21:29 UTC); model Updated tooltip 'Sep 1, 2026 5:04 PM UTC'",,True,,096fdbd02fe6,https://www.ollama.com/library/qwen3.6:35b
qwen3.6:35b-a3b,35b-a3b,catalog,,False,qwen35moe,35.5B,Q4_K_M,262144,23.0,True,True,True,6.8M,2026-04-01/2026-05-01,"oldest tag library/qwen3.6:27b-coding-nvfp4: '5 months ago' (tags page fetched 2026-09-28 21:29 UTC); model Updated tooltip 'Sep 1, 2026 5:04 PM UTC'",,True,,096fdbd02fe6,https://www.ollama.com/library/qwen3.6:35b-a3b
qwen3.6:35b-a3b-bf16,35b-a3b-bf16,catalog,,False,qwen35moe,36B,BF16,262144,71.0,True,True,True,6.8M,2026-04-01/2026-05-01,"oldest tag library/qwen3.6:27b-coding-nvfp4: '5 months ago' (tags page fetched 2026-09-28 21:29 UTC); model Updated tooltip 'Sep 1, 2026 5:04 PM UTC'",,True,,94061ddd23a7,https://www.ollama.com/library/qwen3.6:35b-a3b-bf16
qwen3.6:35b-a3b-coding,35b-a3b-coding,catalog,,False,qwen35moe,35.5B,Q4_K_M,262144,23.0,True,True,True,6.8M,2026-04-01/2026-05-01,"oldest tag library/qwen3.6:27b-coding-nvfp4: '5 months ago' (tags page fetched 2026-09-28 21:29 UTC); model Updated tooltip 'Sep 1, 2026 5:04 PM UTC'",,True,,6f7983cafbe2,https://www.ollama.com/library/qwen3.6:35b-a3b-coding
qwen3.6:35b-a3b-coding-bf16,35b-a3b-coding-bf16,catalog,,False,,,,262144,70.0,True,True,True,6.8M,2026-04-01/2026-05-01,"oldest tag library/qwen3.6:27b-coding-nvfp4: '5 months ago' (tags page fetched 2026-09-28 21:29 UTC); model Updated tooltip 'Sep 1, 2026 5:04 PM UTC'",,True,,8d3c7ad727e7,https://www.ollama.com/library/qwen3.6:35b-a3b-coding-bf16
qwen3.6:35b-a3b-coding-mtp-q4_K_M,35b-a3b-coding-mtp-q4_K_M,catalog,,False,qwen35moe,35.5B,Q4_K_M,262144,23.0,True,True,True,6.8M,2026-04-01/2026-05-01,"oldest tag library/qwen3.6:27b-coding-nvfp4: '5 months ago' (tags page fetched 2026-09-28 21:29 UTC); model Updated tooltip 'Sep 1, 2026 5:04 PM UTC'",,True,,6f7983cafbe2,https://www.ollama.com/library/qwen3.6:35b-a3b-coding-mtp-q4_K_M
qwen3.6:35b-a3b-coding-mxfp8,35b-a3b-coding-mxfp8,catalog,,False,,,,262144,38.0,True,True,True,6.8M,2026-04-01/2026-05-01,"oldest tag library/qwen3.6:27b-coding-nvfp4: '5 months ago' (tags page fetched 2026-09-28 21:29 UTC); model Updated tooltip 'Sep 1, 2026 5:04 PM UTC'",,True,,47f49b2845d7,https://www.ollama.com/library/qwen3.6:35b-a3b-coding-mxfp8
qwen3.6:35b-a3b-coding-nvfp4,35b-a3b-coding-nvfp4,catalog,,False,,,,262144,22.0,True,True,True,6.8M,2026-04-01/2026-05-01,"oldest tag library/qwen3.6:27b-coding-nvfp4: '5 months ago' (tags page fetched 2026-09-28 21:29 UTC); model Updated tooltip 'Sep 1, 2026 5:04 PM UTC'",,True,,cd2692a833e6,https://www.ollama.com/library/qwen3.6:35b-a3b-coding-nvfp4
qwen3.6:35b-a3b-mlx-bf16,35b-a3b-mlx-bf16,catalog,,False,,,,262144,72.0,True,True,True,6.8M,2026-04-01/2026-05-01,"oldest tag library/qwen3.6:27b-coding-nvfp4: '5 months ago' (tags page fetched 2026-09-28 21:29 UTC); model Updated tooltip 'Sep 1, 2026 5:04 PM UTC'",,True,,bbf3a1458a4f,https://www.ollama.com/library/qwen3.6:35b-a3b-mlx-bf16
qwen3.6:35b-a3b-mtp-bf16,35b-a3b-mtp-bf16,catalog,,False,qwen35moe,35.5B,F16,262144,72.0,True,True,True,6.8M,2026-04-01/2026-05-01,"oldest tag library/qwen3.6:27b-coding-nvfp4: '5 months ago' (tags page fetched 2026-09-28 21:29 UTC); model Updated tooltip 'Sep 1, 2026 5:04 PM UTC'",,True,,42f15217f5ae,https://www.ollama.com/library/qwen3.6:35b-a3b-mtp-bf16
qwen3.6:35b-a3b-mtp-q4_K_M,35b-a3b-mtp-q4_K_M,catalog,,False,qwen35moe,35.5B,Q4_K_M,262144,23.0,True,True,True,6.8M,2026-04-01/2026-05-01,"oldest tag library/qwen3.6:27b-coding-nvfp4: '5 months ago' (tags page fetched 2026-09-28 21:29 UTC); model Updated tooltip 'Sep 1, 2026 5:04 PM UTC'",,True,,096fdbd02fe6,https://www.ollama.com/library/qwen3.6:35b-a3b-mtp-q4_K_M
qwen3.6:35b-a3b-mtp-q8_0,35b-a3b-mtp-q8_0,catalog,,False,qwen35moe,35.5B,Q8_0,262144,39.0,True,True,True,6.8M,2026-04-01/2026-05-01,"oldest tag library/qwen3.6:27b-coding-nvfp4: '5 months ago' (tags page fetched 2026-09-28 21:29 UTC); model Updated tooltip 'Sep 1, 2026 5:04 PM UTC'",,True,,c61138a79add,https://www.ollama.com/library/qwen3.6:35b-a3b-mtp-q8_0
qwen3.6:35b-a3b-mxfp8,35b-a3b-mxfp8,catalog,,False,,,,262144,38.0,True,True,True,6.8M,2026-04-01/2026-05-01,"oldest tag library/qwen3.6:27b-coding-nvfp4: '5 months ago' (tags page fetched 2026-09-28 21:29 UTC); model Updated tooltip 'Sep 1, 2026 5:04 PM UTC'",,True,,9e9c1b51dd90,https://www.ollama.com/library/qwen3.6:35b-a3b-mxfp8
qwen3.6:35b-a3b-nvfp4,35b-a3b-nvfp4,catalog,,False,,,,262144,24.0,True,True,True,6.8M,2026-04-01/2026-05-01,"oldest tag library/qwen3.6:27b-coding-nvfp4: '5 months ago' (tags page fetched 2026-09-28 21:29 UTC); model Updated tooltip 'Sep 1, 2026 5:04 PM UTC'",,True,,e92a3e94bbca,https://www.ollama.com/library/qwen3.6:35b-a3b-nvfp4
qwen3.6:35b-a3b-q4_K_M,35b-a3b-q4_K_M,catalog,,False,qwen35moe,36B,Q4_K_M,262144,24.0,True,True,True,6.8M,2026-04-01/2026-05-01,"oldest tag library/qwen3.6:27b-coding-nvfp4: '5 months ago' (tags page fetched 2026-09-28 21:29 UTC); model Updated tooltip 'Sep 1, 2026 5:04 PM UTC'",,True,,07d35212591f,https://www.ollama.com/library/qwen3.6:35b-a3b-q4_K_M
qwen3.6:35b-a3b-q8_0,35b-a3b-q8_0,catalog,,False,qwen35moe,36B,Q8_0,262144,39.0,True,True,True,6.8M,2026-04-01/2026-05-01,"oldest tag library/qwen3.6:27b-coding-nvfp4: '5 months ago' (tags page fetched 2026-09-28 21:29 UTC); model Updated tooltip 'Sep 1, 2026 5:04 PM UTC'",,True,,0218f872e86b,https://www.ollama.com/library/qwen3.6:35b-a3b-q8_0
qwen3.6:35b-coding,35b-coding,catalog,,False,qwen35moe,35.5B,Q4_K_M,262144,23.0,True,True,True,6.8M,2026-04-01/2026-05-01,"oldest tag library/qwen3.6:27b-coding-nvfp4: '5 months ago' (tags page fetched 2026-09-28 21:29 UTC); model Updated tooltip 'Sep 1, 2026 5:04 PM UTC'",,True,,6f7983cafbe2,https://www.ollama.com/library/qwen3.6:35b-coding
qwen3.6:35b-mlx,35b-mlx,catalog,,False,,,,262144,24.0,True,True,True,6.8M,2026-04-01/2026-05-01,"oldest tag library/qwen3.6:27b-coding-nvfp4: '5 months ago' (tags page fetched 2026-09-28 21:29 UTC); model Updated tooltip 'Sep 1, 2026 5:04 PM UTC'",,True,,e92a3e94bbca,https://www.ollama.com/library/qwen3.6:35b-mlx
qwen3.6:latest,latest,catalog,,False,qwen35moe,35.5B,Q4_K_M,262144,23.0,True,True,True,6.8M,2026-04-01/2026-05-01,"oldest tag library/qwen3.6:27b-coding-nvfp4: '5 months ago' (tags page fetched 2026-09-28 21:29 UTC); model Updated tooltip 'Sep 1, 2026 5:04 PM UTC'",,True,,096fdbd02fe6,https://www.ollama.com/library/qwen3.6:latest
qwen3.8-flash-next:125b-a6b-bf16,125b-a6b-bf16,catalog,,False,qwen4exp,177B,BF16,262144,355.0,True,True,True,158.3K,2026-07-30/2026-08-29,"oldest tag library/qwen3.8-flash-next:125b-a6b-nvfp4: '1 month ago' (tags page fetched 2026-09-28 21:28 UTC); model Updated tooltip 'Sep 5, 2026 5:55 PM UTC'",,True,,860af341daa0,https://www.ollama.com/library/qwen3.8-flash-next:125b-a6b-bf16
qwen3.8-flash-next:125b-a6b-mlx-bf16,125b-a6b-mlx-bf16,catalog,,False,,,,262144,360.0,True,True,True,158.3K,2026-07-30/2026-08-29,"oldest tag library/qwen3.8-flash-next:125b-a6b-nvfp4: '1 month ago' (tags page fetched 2026-09-28 21:28 UTC); model Updated tooltip 'Sep 5, 2026 5:55 PM UTC'",,True,,ae2130e55774,https://www.ollama.com/library/qwen3.8-flash-next:125b-a6b-mlx-bf16
qwen3.8-flash-next:125b-a6b-nvfp4,125b-a6b-nvfp4,catalog,,False,,,,262144,105.0,True,True,True,158.3K,2026-07-30/2026-08-29,"oldest tag library/qwen3.8-flash-next:125b-a6b-nvfp4: '1 month ago' (tags page fetched 2026-09-28 21:28 UTC); model Updated tooltip 'Sep 5, 2026 5:55 PM UTC'",,True,,c7b96ffe21af,https://www.ollama.com/library/qwen3.8-flash-next:125b-a6b-nvfp4
qwen3.8-flash-next:125b-a6b-q4_K_M,125b-a6b-q4_K_M,catalog,,False,qwen4exp,177B,Q4_K_M,262144,120.0,True,True,True,158.3K,2026-07-30/2026-08-29,"oldest tag library/qwen3.8-flash-next:125b-a6b-nvfp4: '1 month ago' (tags page fetched 2026-09-28 21:28 UTC); model Updated tooltip 'Sep 5, 2026 5:55 PM UTC'",,True,,f79436a1cc83,https://www.ollama.com/library/qwen3.8-flash-next:125b-a6b-q4_K_M
qwen3.8-flash-next:125b-a6b-q8_0,125b-a6b-q8_0,catalog,,False,qwen4exp,177B,Q8_0,262144,189.0,True,True,True,158.3K,2026-07-30/2026-08-29,"oldest tag library/qwen3.8-flash-next:125b-a6b-nvfp4: '1 month ago' (tags page fetched 2026-09-28 21:28 UTC); model Updated tooltip 'Sep 5, 2026 5:55 PM UTC'",,True,,068643f34f42,https://www.ollama.com/library/qwen3.8-flash-next:125b-a6b-q8_0
qwen3.8-flash-next:125b-mlx,125b-mlx,catalog,,False,,,,262144,105.0,True,True,True,158.3K,2026-07-30/2026-08-29,"oldest tag library/qwen3.8-flash-next:125b-a6b-nvfp4: '1 month ago' (tags page fetched 2026-09-28 21:28 UTC); model Updated tooltip 'Sep 5, 2026 5:55 PM UTC'",,True,,c7b96ffe21af,https://www.ollama.com/library/qwen3.8-flash-next:125b-mlx
qwen3.8:27b,27b,catalog,,False,qwen35,27.3B,Q4_K_M,262144,18.0,True,True,True,2.8M,2026-07-30/2026-08-29,"oldest tag library/qwen3.8:27b-mlx: '1 month ago' (tags page fetched 2026-09-28 21:28 UTC); model Updated tooltip 'Sep 25, 2026 2:43 AM UTC'",,True,,e118e4d12a70,https://www.ollama.com/library/qwen3.8:27b
qwen3.8:27b-bf16,27b-bf16,catalog,,False,qwen35,27.3B,BF16,262144,56.0,True,True,True,2.8M,2026-07-30/2026-08-29,"oldest tag library/qwen3.8:27b-mlx: '1 month ago' (tags page fetched 2026-09-28 21:28 UTC); model Updated tooltip 'Sep 25, 2026 2:43 AM UTC'",,True,,1aa85dae8b2d,https://www.ollama.com/library/qwen3.8:27b-bf16
qwen3.8:27b-mlx,27b-mlx,catalog,,False,,,,262144,18.0,True,True,True,2.8M,2026-07-30/2026-08-29,"oldest tag library/qwen3.8:27b-mlx: '1 month ago' (tags page fetched 2026-09-28 21:28 UTC); model Updated tooltip 'Sep 25, 2026 2:43 AM UTC'",,True,,5642e97495e1,https://www.ollama.com/library/qwen3.8:27b-mlx
qwen3.8:27b-mlx-bf16,27b-mlx-bf16,catalog,,False,,,,262144,56.0,True,True,True,2.8M,2026-07-30/2026-08-29,"oldest tag library/qwen3.8:27b-mlx: '1 month ago' (tags page fetched 2026-09-28 21:28 UTC); model Updated tooltip 'Sep 25, 2026 2:43 AM UTC'",,True,,65e5e1c72d2d,https://www.ollama.com/library/qwen3.8:27b-mlx-bf16
qwen3.8:27b-mtp-bf16,27b-mtp-bf16,catalog,,False,qwen35,27.3B,BF16,262144,56.0,True,True,True,2.8M,2026-07-30/2026-08-29,"oldest tag library/qwen3.8:27b-mlx: '1 month ago' (tags page fetched 2026-09-28 21:28 UTC); model Updated tooltip 'Sep 25, 2026 2:43 AM UTC'",,True,,197257101a8c,https://www.ollama.com/library/qwen3.8:27b-mtp-bf16
qwen3.8:27b-mtp-q4_K_M,27b-mtp-q4_K_M,catalog,,False,qwen35,27.3B,Q4_K_M,262144,18.0,True,True,True,2.8M,2026-07-30/2026-08-29,"oldest tag library/qwen3.8:27b-mlx: '1 month ago' (tags page fetched 2026-09-28 21:28 UTC); model Updated tooltip 'Sep 25, 2026 2:43 AM UTC'",,True,,22130167c4c2,https://www.ollama.com/library/qwen3.8:27b-mtp-q4_K_M
qwen3.8:27b-mtp-q8_0,27b-mtp-q8_0,catalog,,False,qwen35,27.3B,Q8_0,262144,30.0,True,True,True,2.8M,2026-07-30/2026-08-29,"oldest tag library/qwen3.8:27b-mlx: '1 month ago' (tags page fetched 2026-09-28 21:28 UTC); model Updated tooltip 'Sep 25, 2026 2:43 AM UTC'",,True,,8a1582877303,https://www.ollama.com/library/qwen3.8:27b-mtp-q8_0
qwen3.8:27b-mxfp8,27b-mxfp8,catalog,,False,,,,262144,32.0,True,True,True,2.8M,2026-07-30/2026-08-29,"oldest tag library/qwen3.8:27b-mlx: '1 month ago' (tags page fetched 2026-09-28 21:28 UTC); model Updated tooltip 'Sep 25, 2026 2:43 AM UTC'",,True,,464021588235,https://www.ollama.com/library/qwen3.8:27b-mxfp8
qwen3.8:27b-nvfp4,27b-nvfp4,catalog,,False,,,,262144,18.0,True,True,True,2.8M,2026-07-30/2026-08-29,"oldest tag library/qwen3.8:27b-mlx: '1 month ago' (tags page fetched 2026-09-28 21:28 UTC); model Updated tooltip 'Sep 25, 2026 2:43 AM UTC'",,True,,5642e97495e1,https://www.ollama.com/library/qwen3.8:27b-nvfp4
qwen3.8:27b-q4_K_M,27b-q4_K_M,catalog,,False,qwen35,27.3B,Q4_K_M,262144,18.0,True,True,True,2.8M,2026-07-30/2026-08-29,"oldest tag library/qwen3.8:27b-mlx: '1 month ago' (tags page fetched 2026-09-28 21:28 UTC); model Updated tooltip 'Sep 25, 2026 2:43 AM UTC'",,True,,25b843619e94,https://www.ollama.com/library/qwen3.8:27b-q4_K_M
qwen3.8:27b-q8_0,27b-q8_0,catalog,,False,qwen35,27.3B,Q8_0,262144,30.0,True,True,True,2.8M,2026-07-30/2026-08-29,"oldest tag library/qwen3.8:27b-mlx: '1 month ago' (tags page fetched 2026-09-28 21:28 UTC); model Updated tooltip 'Sep 25, 2026 2:43 AM UTC'",,True,,8f5fb6b71ea0,https://www.ollama.com/library/qwen3.8:27b-q8_0
gemma4:26b,26b,local,shadow,True,gemma4,25.2B,Q4_K_M,262144,18.6,True,True,True,25.9M,2026-04-01/2026-05-01,"oldest tag library/gemma4:latest: '5 months ago' (tags page fetched 2026-09-28 21:29 UTC); model Updated tooltip 'Sep 22, 2026 8:28 PM UTC'",listed after library/nemotron-cascade-2 (older than cutoff) in newest sort; oldest tag may be a re-push,True,2026-09-21T17:52:50Z,08ae7ec1744bd7f451c4a530afb39d2673ad9d07a8369b8a33a3613b41212a68,https://www.ollama.com/library/gemma4:26b
qwen2.5-coder:7b,7b,local,shadow,True,qwen2,7.6B,Q4_K_M,32768,4.68,False,True,False,21.9M,2024-10-08/2025-05-28,"oldest tag library/qwen2.5-coder:latest: '1 year ago' (tags page fetched 2026-09-28 21:33 UTC); model Updated tooltip 'May 28, 2025 1:19 AM UTC'",,False,2026-09-21T17:46:51Z,dae161e27b0e90dd1856c8bb3209201fd6736d8eb66298e75ed87571486f4364,https://www.ollama.com/library/qwen2.5-coder
qwen3.6:27b,27b,local,shadow,True,qwen35,27.3B,Q4_K_M,262144,17.77,True,True,True,6.8M,2026-04-01/2026-05-01,"oldest tag library/qwen3.6:27b-coding-nvfp4: '5 months ago' (tags page fetched 2026-09-28 21:29 UTC); model Updated tooltip 'Sep 1, 2026 5:04 PM UTC'",,True,2026-09-25T20:36:49Z,9d5803d493a991af27b9441c098aa56f2ed7bbd260877f075ec09b575c049bc3,https://www.ollama.com/library/qwen3.6:27b
qwen3.8:latest,latest,local,shadow,True,qwen35,27.3B,Q4_K_M,262144,17.74,True,True,True,2.8M,2026-07-30/2026-08-29,"oldest tag library/qwen3.8:27b-mlx: '1 month ago' (tags page fetched 2026-09-28 21:28 UTC); model Updated tooltip 'Sep 25, 2026 2:43 AM UTC'",,True,2026-09-28T16:58:26Z,aaee06c39dcf2437cde036998d960e1fc1494b8191be7cc9657d01e509097813,https://www.ollama.com/library/qwen3.8:latest
