name,model,size,representative_tag,run_on,fits_min_gb,fit_note,fit_warn,source,pulled_on,is_cloud,family,parameter_size,quantization,context_length,disk_size_gb,thinking,tools,vision,pull_count,first_published_approx,date_flag,date_source_text,all_tags,url
gemma4:12b,gemma4,12b,12b,shadow;framework,19,,,catalog,,False,gemma4,11.9B,Q4_K_M,262144,7.6,True,True,True,25.9M,2026-04-01/2026-05-01,listed after library/nemotron-cascade-2 (older than cutoff) in newest sort; oldest tag may be a re-push,"oldest tag library/gemma4:latest: '5 months ago' (tags page fetched 2026-09-28 21:29 UTC); model Updated tooltip 'Sep 22, 2026 8:28 PM UTC'",12b 12b-it-bf16 12b-it-q4_K_M 12b-it-q8_0 12b-it-qat,https://www.ollama.com/library/gemma4:12b
gemma4:31b,gemma4,31b,31b,framework,96,,20 GB misses shadow 19 by 1,catalog,,False,gemma4,31.3B,Q4_K_M,262144,20.0,True,True,True,25.9M,2026-04-01/2026-05-01,listed after library/nemotron-cascade-2 (older than cutoff) in newest sort; oldest tag may be a re-push,"oldest tag library/gemma4:latest: '5 months ago' (tags page fetched 2026-09-28 21:29 UTC); model Updated tooltip 'Sep 22, 2026 8:28 PM UTC'",31b 31b-it-bf16 31b-it-q4_K_M 31b-it-q8_0 31b-it-qat,https://www.ollama.com/library/gemma4:31b
gemma4:31b-coding,gemma4,31b-coding,31b-coding-mtp-bf16,framework,96,,,catalog,,False,,,,262144,64.0,True,True,True,25.9M,2026-04-01/2026-05-01,listed after library/nemotron-cascade-2 (older than cutoff) in newest sort; oldest tag may be a re-push,"oldest tag library/gemma4:latest: '5 months ago' (tags page fetched 2026-09-28 21:29 UTC); model Updated tooltip 'Sep 22, 2026 8:28 PM UTC'",31b-coding-mtp-bf16,https://www.ollama.com/library/gemma4:31b-coding-mtp-bf16
gemma4:e2b,gemma4,e2b,e2b,shadow;framework,19,,,catalog,,False,gemma4,5.12B,Q4_K_M,131072,7.2,True,True,True,25.9M,2026-04-01/2026-05-01,listed after library/nemotron-cascade-2 (older than cutoff) in newest sort; oldest tag may be a re-push,"oldest tag library/gemma4:latest: '5 months ago' (tags page fetched 2026-09-28 21:29 UTC); model Updated tooltip 'Sep 22, 2026 8:28 PM UTC'",e2b e2b-it-bf16 e2b-it-q4_K_M e2b-it-q8_0 e2b-it-qat,https://www.ollama.com/library/gemma4:e2b
gemma4:e4b,gemma4,e4b,e4b,shadow;framework,19,,,catalog,,False,gemma4,8B,Q4_K_M,131072,9.6,True,True,True,25.9M,2026-04-01/2026-05-01,listed after library/nemotron-cascade-2 (older than cutoff) in newest sort; oldest tag may be a re-push,"oldest tag library/gemma4:latest: '5 months ago' (tags page fetched 2026-09-28 21:29 UTC); model Updated tooltip 'Sep 22, 2026 8:28 PM UTC'",e4b e4b-it-bf16 e4b-it-q4_K_M e4b-it-q8_0 e4b-it-qat latest,https://www.ollama.com/library/gemma4:e4b
glm-4.7-flash,glm-4.7-flash,,latest,shadow;framework,19,,"19 GB vs shadow 19, 202K ctx",catalog,,False,glm4moelite,29.9B,Q4_K_M,202752,19.0,True,True,False,2M,2026-05-31/2026-06-05,listed after library/nemotron-cascade-2 (older than cutoff) in newest sort; oldest tag may be a re-push,"oldest tag library/glm-4.7-flash:latest: '3 months ago' (tags page fetched 2026-09-28 21:29 UTC); model Updated tooltip 'Jun 5, 2026 4:16 PM UTC'",bf16 latest q4_K_M q8_0,https://www.ollama.com/library/glm-4.7-flash:latest
granite4.1-guardian:8b,granite4.1-guardian,8b,8b,shadow;framework,19,,,catalog,,False,granite,8.38B,Q6_K,131072,6.9,True,True,False,28.3K,2026-05-31/2026-06-10,,"oldest tag library/granite4.1-guardian:8b: '3 months ago' (tags page fetched 2026-09-28 21:28 UTC); model Updated tooltip 'Jun 10, 2026 9:07 PM UTC'",8b 8b-bf16 8b-q2_K 8b-q3_K_L 8b-q3_K_M 8b-q3_K_S 8b-q4_0 8b-q4_1 8b-q4_K_M 8b-q4_K_S 8b-q5_0 8b-q5_1 8b-q5_K_M 8b-q5_K_S 8b-q6_K 8b-q8_0,https://www.ollama.com/library/granite4.1-guardian:8b
laguna-s-2.1,laguna-s-2.1,,latest,framework,96,,"96 GB vs framework 96, 262K ctx",catalog,,False,laguna,118B,Q8_0,262144,96.0,True,True,False,167.4K,2026-06-30/2026-07-30,,"oldest tag library/laguna-s-2.1:latest: '2 months ago' (tags page fetched 2026-09-28 21:28 UTC); model Updated tooltip 'Aug 28, 2026 6:53 PM UTC'",f16 latest q4_K_M q8_0,https://www.ollama.com/library/laguna-s-2.1:latest
laguna-xs-2.1,laguna-xs-2.1,,latest,framework,96,,20 GB misses shadow 19 by 1,catalog,,False,laguna,33.4B,Q4_K_M,262144,20.0,True,True,False,120.3K,2026-06-30/2026-07-30,,"oldest tag library/laguna-xs-2.1:latest: '2 months ago' (tags page fetched 2026-09-28 21:28 UTC); model Updated tooltip 'Aug 31, 2026 8:58 PM UTC'",bf16 latest q4_K_M q8_0,https://www.ollama.com/library/laguna-xs-2.1:latest
laguna-xs.2,laguna-xs.2,,latest,framework,96,,,catalog,,False,laguna,33.4B,Q4_K_M,131072,23.0,True,True,False,32K,2026-04-01/2026-05-01,,"oldest tag library/laguna-xs.2:latest: '5 months ago' (tags page fetched 2026-09-28 21:28 UTC); model Updated tooltip 'Jul 25, 2026 6:19 PM UTC'",bf16 latest q4_K_M q8_0,https://www.ollama.com/library/laguna-xs.2:latest
lfm2.5:8b,lfm2.5,8b,8b,shadow;framework,19,,,catalog,,False,lfm2moe,8.47B,Q4_K_M,128000,5.2,True,True,False,165.8K,2026-05-01/2026-05-31,,"oldest tag library/lfm2.5:latest: '4 months ago' (tags page fetched 2026-09-28 21:28 UTC); model Updated tooltip 'May 31, 2026 4:16 AM UTC'",8b 8b-a1b-bf16 8b-a1b-q4_K_M 8b-a1b-q8_0 latest,https://www.ollama.com/library/lfm2.5:8b
mistral-medium-3.5:128b,mistral-medium-3.5,128b,128b,framework,96,,"80 GB vs framework 96, 262K ctx",catalog,,False,mistral3,128B,Q4_K_M,262144,80.0,True,True,True,418.5K,2026-05-01/2026-05-05,,"oldest tag library/mistral-medium-3.5:latest: '4 months ago' (tags page fetched 2026-09-28 21:28 UTC); model Updated tooltip 'May 5, 2026 11:14 PM UTC'",128b 128b-bf16 128b-q4_K_M 128b-q8_0 latest,https://www.ollama.com/library/mistral-medium-3.5:128b
muse-glimmer:30b,muse-glimmer,30b,30b,shadow;framework,19,,,catalog,,False,muse-glimmer,27.9B,Q4_K_M,131072,18.0,True,True,True,239.6K,2026-07-30/2026-08-28,,"oldest tag library/muse-glimmer:latest: '1 month ago' (tags page fetched 2026-09-28 21:28 UTC); model Updated tooltip 'Aug 28, 2026 7:09 PM UTC'",30b 30b-bf16 30b-bf16-dflash 30b-q4_K_M 30b-q4_K_M-dflash 30b-q8_0 30b-q8_0-dflash latest,https://www.ollama.com/library/muse-glimmer:30b
nemotron-3.5-lightning:30b,nemotron-3.5-lightning,30b,30b,framework,96,,,catalog,,False,nemotron_h_moe,32.9B,Q4_K_M,1048576,25.0,True,True,False,190.5K,2026-07-30/2026-08-29,,"oldest tag library/nemotron-3.5-lightning:latest: '1 month ago' (tags page fetched 2026-09-28 21:28 UTC); model Updated tooltip 'Aug 31, 2026 9:05 PM UTC'",30b 30b-a3b 30b-a3b-bf16 30b-a3b-q4_K_M 30b-a3b-q8_0 latest,https://www.ollama.com/library/nemotron-3.5-lightning:30b
nemotron3:33b,nemotron3,33b,33b,framework,96,,,catalog,,False,nemotron_h_omni,33B,Q4_K_M,131072,28.0,True,True,True,670.1K,2026-04-01/2026-04-27,,"oldest tag library/nemotron3:33b: '5 months ago' (tags page fetched 2026-09-28 21:28 UTC); model Updated tooltip 'Apr 27, 2026 8:26 PM UTC'",33b 33b-bf16 33b-q4_K_M 33b-q8,https://www.ollama.com/library/nemotron3:33b
north-mini-code-1.0,north-mini-code-1.0,,latest,shadow;framework,19,,"19 GB vs shadow 19, 499K ctx",catalog,,False,cohere2moe,30.5B,Q4_K_M,499712,19.0,True,True,False,60.5K,2026-05-31/2026-06-18,,"oldest tag library/north-mini-code-1.0:latest: '3 months ago' (tags page fetched 2026-09-28 21:28 UTC); model Updated tooltip 'Jun 18, 2026 1:39 AM UTC'",bf16 latest q4_K_M q8_0,https://www.ollama.com/library/north-mini-code-1.0:latest
qwen3.6:27b-coding,qwen3.6,27b-coding,27b-coding,shadow;framework,19,,"18 GB vs shadow 19, 262K ctx",catalog,,False,qwen35,27.3B,Q4_K_M,262144,18.0,True,True,True,6.8M,2026-04-01/2026-05-01,,"oldest tag library/qwen3.6:27b-coding-nvfp4: '5 months ago' (tags page fetched 2026-09-28 21:29 UTC); model Updated tooltip 'Sep 1, 2026 5:04 PM UTC'",27b-coding 27b-coding-bf16 27b-coding-mtp-q4_K_M,https://www.ollama.com/library/qwen3.6:27b-coding
qwen3.6:35b,qwen3.6,35b,35b,framework,96,,,catalog,,False,qwen35moe,35.5B,Q4_K_M,262144,23.0,True,True,True,6.8M,2026-04-01/2026-05-01,,"oldest tag library/qwen3.6:27b-coding-nvfp4: '5 months ago' (tags page fetched 2026-09-28 21:29 UTC); model Updated tooltip 'Sep 1, 2026 5:04 PM UTC'",35b 35b-a3b 35b-a3b-bf16 35b-a3b-mtp-bf16 35b-a3b-mtp-q4_K_M 35b-a3b-mtp-q8_0 35b-a3b-q4_K_M 35b-a3b-q8_0 latest,https://www.ollama.com/library/qwen3.6:35b
qwen3.6:35b-coding,qwen3.6,35b-coding,35b-coding,framework,96,,,catalog,,False,qwen35moe,35.5B,Q4_K_M,262144,23.0,True,True,True,6.8M,2026-04-01/2026-05-01,,"oldest tag library/qwen3.6:27b-coding-nvfp4: '5 months ago' (tags page fetched 2026-09-28 21:29 UTC); model Updated tooltip 'Sep 1, 2026 5:04 PM UTC'",35b-a3b-coding 35b-a3b-coding-bf16 35b-a3b-coding-mtp-q4_K_M 35b-coding,https://www.ollama.com/library/qwen3.6:35b-coding
qwen3.8-flash-next:125b,qwen3.8-flash-next,125b,125b-a6b-q4_K_M,,,120 GB > framework 96,,catalog,,False,qwen4exp,177B,Q4_K_M,262144,120.0,True,True,True,158.3K,2026-07-30/2026-08-29,,"oldest tag library/qwen3.8-flash-next:125b-a6b-nvfp4: '1 month ago' (tags page fetched 2026-09-28 21:28 UTC); model Updated tooltip 'Sep 5, 2026 5:55 PM UTC'",125b-a6b-bf16 125b-a6b-q4_K_M 125b-a6b-q8_0,https://www.ollama.com/library/qwen3.8-flash-next:125b-a6b-q4_K_M
gemma4:26b,gemma4,26b,26b,shadow;framework,19,,"18.6 GB vs shadow 19, 262K ctx",local,shadow,False,gemma4,25.2B,Q4_K_M,262144,18.6,True,True,True,25.9M,2026-04-01/2026-05-01,listed after library/nemotron-cascade-2 (older than cutoff) in newest sort; oldest tag may be a re-push,"oldest tag library/gemma4:latest: '5 months ago' (tags page fetched 2026-09-28 21:29 UTC); model Updated tooltip 'Sep 22, 2026 8:28 PM UTC'",26b* 26b-a4b-it-bf16 26b-a4b-it-mtp-q4_K_M 26b-a4b-it-q4_K_M 26b-a4b-it-q8_0 26b-a4b-it-qat,https://www.ollama.com/library/gemma4:26b
qwen2.5-coder:7b,qwen2.5-coder,7b,7b,shadow;framework,19,,,local,shadow,False,qwen2,7.6B,Q4_K_M,32768,4.68,False,True,False,21.9M,2024-10-08/2025-05-28,,"oldest tag library/qwen2.5-coder:latest: '1 year ago' (tags page fetched 2026-09-28 21:33 UTC); model Updated tooltip 'May 28, 2025 1:19 AM UTC'",7b*,https://www.ollama.com/library/qwen2.5-coder
qwen3.6:27b,qwen3.6,27b,27b,shadow;framework,19,,"17.77 GB vs shadow 19, 262K ctx",local,shadow,False,qwen35,27.3B,Q4_K_M,262144,17.77,True,True,True,6.8M,2026-04-01/2026-05-01,,"oldest tag library/qwen3.6:27b-coding-nvfp4: '5 months ago' (tags page fetched 2026-09-28 21:29 UTC); model Updated tooltip 'Sep 1, 2026 5:04 PM UTC'",27b* 27b-bf16 27b-mtp-bf16 27b-mtp-q4_K_M 27b-mtp-q8_0 27b-q4_K_M 27b-q8_0,https://www.ollama.com/library/qwen3.6:27b
qwen3.8:27b,qwen3.8,27b,27b,shadow;framework,19,,"18 GB vs shadow 19, 262K ctx",local,shadow,False,qwen35,27.3B,Q4_K_M,262144,18.0,True,True,True,2.8M,2026-07-30/2026-08-29,,"oldest tag library/qwen3.8:27b-mlx: '1 month ago' (tags page fetched 2026-09-28 21:28 UTC); model Updated tooltip 'Sep 25, 2026 2:43 AM UTC'",27b 27b-bf16 27b-mtp-bf16 27b-mtp-q4_K_M 27b-mtp-q8_0 27b-q4_K_M 27b-q8_0 latest*,https://www.ollama.com/library/qwen3.8:27b
